[{"model": "contenttypes.contenttype", "fields": {"app_label": "admin", "model": "logentry"}}, {"model": "contenttypes.contenttype", "fields": {"app_label": "auth", "model": "user"}}, {"model": "contenttypes.contenttype", "fields": {"app_label": "auth", "model": "permission"}}, {"model": "contenttypes.contenttype", "fields": {"app_label": "auth", "model": "group"}}, {"model": "contenttypes.contenttype", "fields": {"app_label": "contenttypes", "model": "contenttype"}}, {"model": "contenttypes.contenttype", "fields": {"app_label": "sessions", "model": "session"}}, {"model": "contenttypes.contenttype", "fields": {"app_label": "Site", "model": "lastupdateconfig"}}, {"model": "contenttypes.contenttype", "fields": {"app_label": "Site", "model": "patterntable"}}, {"model": "contenttypes.contenttype", "fields": {"app_label": "Site", "model": "render"}}, {"model": "contenttypes.contenttype", "fields": {"app_label": "Site", "model": "column"}}, {"model": "contenttypes.contenttype", "fields": {"app_label": "Site", "model": "table"}}, {"model": "contenttypes.contenttype", "fields": {"app_label": "Site", "model": "patterncolumn"}}, {"model": "contenttypes.contenttype", "fields": {"app_label": "Site", "model": "cities"}}, {"model": "contenttypes.contenttype", "fields": {"app_label": "Site", "model": "countries"}}, {"model": "contenttypes.contenttype", "fields": {"app_label": "Site", "model": "regions"}}, {"model": "contenttypes.contenttype", "fields": {"app_label": "Site", "model": "controluser"}}, {"model": "contenttypes.contenttype", "fields": {"app_label": "Site", "model": "controluserimg"}}, {"model": "contenttypes.contenttype", "fields": {"app_label": "Site", "model": "file"}}, {"model": "contenttypes.contenttype", "fields": {"app_label": "Site", "model": "phone"}}, {"model": "contenttypes.contenttype", "fields": {"app_label": "Site", "model": "mail"}}, {"model": "contenttypes.contenttype", "fields": {"app_label": "Site", "model": "place"}}, {"model": "contenttypes.contenttype", "fields": {"app_label": "Site", "model": "controluserplace"}}, {"model": "contenttypes.contenttype", "fields": {"app_label": "Site", "model": "vch"}}, {"model": "contenttypes.contenttype", "fields": {"app_label": "Site", "model": "status"}}, {"model": "contenttypes.contenttype", "fields": {"app_label": "Site", "model": "statusstage"}}, {"model": "contenttypes.contenttype", "fields": {"app_label": "Site", "model": "social"}}, {"model": "sessions.session", "pk": "57pos55ik15pntc7fas0ic3j9kd3uqeo", "fields": {"session_data": "MGZjOGJjNmFiYzBjMzE4ODEyMTMxNDc2YWI3ZDU5Mzg2MmE4NTNmMjp7Il9hdXRoX3VzZXJfaWQiOiIxIiwiX2F1dGhfdXNlcl9oYXNoIjoiODUzNmUyN2VjOWRlN2VhMTk0NTlhZTQ4M2UxZTRhNTIxY2YyOTE4NCIsIl9hdXRoX3VzZXJfYmFja2VuZCI6ImRqYW5nby5jb250cmliLmF1dGguYmFja2VuZHMuTW9kZWxCYWNrZW5kIn0=", "expire_date": "2022-10-19T06:50:43.346Z"}}, {"model": "sessions.session", "pk": "eoc5a3fdqb3202w9j0m582n0idp3h60h", "fields": {"session_data": "MzZjNTdkZTViMDcxODk2ZGM5YjY5ZGUyMzQwMzg1MWQ1ODhkMmI2YTp7Il9hdXRoX3VzZXJfYmFja2VuZCI6ImRqYW5nby5jb250cmliLmF1dGguYmFja2VuZHMuTW9kZWxCYWNrZW5kIiwiX2F1dGhfdXNlcl9pZCI6IjEiLCJfYXV0aF91c2VyX2hhc2giOiI4NTM2ZTI3ZWM5ZGU3ZWExOTQ1OWFlNDgzZTFlNGE1MjFjZjI5MTg0In0=", "expire_date": "2022-09-05T09:05:17.387Z"}}, {"model": "sessions.session", "pk": "jknd0wpkvj1k0ugtd38nshdqgf22g63p", "fields": {"session_data": "NTllMjRiMTkwYzM5NThhMTJjMjEwNjlkYTViZWRkMTE0MGJiYzE1Njp7Il9hdXRoX3VzZXJfaGFzaCI6Ijg1MzZlMjdlYzlkZTdlYTE5NDU5YWU0ODNlMWU0YTUyMWNmMjkxODQiLCJfYXV0aF91c2VyX2lkIjoiMSIsIl9hdXRoX3VzZXJfYmFja2VuZCI6ImRqYW5nby5jb250cmliLmF1dGguYmFja2VuZHMuTW9kZWxCYWNrZW5kIn0=", "expire_date": "2022-10-10T08:32:35.174Z"}}, {"model": "sessions.session", "pk": "k8euh195szj59ilsnj04cnm0wcxzwgb3", "fields": {"session_data": "NTllMjRiMTkwYzM5NThhMTJjMjEwNjlkYTViZWRkMTE0MGJiYzE1Njp7Il9hdXRoX3VzZXJfaGFzaCI6Ijg1MzZlMjdlYzlkZTdlYTE5NDU5YWU0ODNlMWU0YTUyMWNmMjkxODQiLCJfYXV0aF91c2VyX2lkIjoiMSIsIl9hdXRoX3VzZXJfYmFja2VuZCI6ImRqYW5nby5jb250cmliLmF1dGguYmFja2VuZHMuTW9kZWxCYWNrZW5kIn0=", "expire_date": "2022-09-05T07:12:47.329Z"}}, {"model": "sessions.session", "pk": "liphql2osp4y42dbn8lu74acxipliizs", "fields": {"session_data": "NTllMjRiMTkwYzM5NThhMTJjMjEwNjlkYTViZWRkMTE0MGJiYzE1Njp7Il9hdXRoX3VzZXJfaGFzaCI6Ijg1MzZlMjdlYzlkZTdlYTE5NDU5YWU0ODNlMWU0YTUyMWNmMjkxODQiLCJfYXV0aF91c2VyX2lkIjoiMSIsIl9hdXRoX3VzZXJfYmFja2VuZCI6ImRqYW5nby5jb250cmliLmF1dGguYmFja2VuZHMuTW9kZWxCYWNrZW5kIn0=", "expire_date": "2022-10-06T13:40:28.563Z"}}, {"model": "sessions.session", "pk": "lmn9bdezw4nwckjc2hn86r88sf86kke1", "fields": {"session_data": "YzU1ZDk3NGM5ZTVmNWRiZTViY2JmZWM0YmRlMjMwY2U1ODRjMzJhZjp7Il9hdXRoX3VzZXJfaGFzaCI6Ijg1MzZlMjdlYzlkZTdlYTE5NDU5YWU0ODNlMWU0YTUyMWNmMjkxODQiLCJfYXV0aF91c2VyX2JhY2tlbmQiOiJkamFuZ28uY29udHJpYi5hdXRoLmJhY2tlbmRzLk1vZGVsQmFja2VuZCIsIl9hdXRoX3VzZXJfaWQiOiIxIn0=", "expire_date": "2022-10-13T07:48:34.786Z"}}, {"model": "sessions.session", "pk": "t8dumlcnzkyj62cl32eihfevw5qbz4y8", "fields": {"session_data": "MzZjNTdkZTViMDcxODk2ZGM5YjY5ZGUyMzQwMzg1MWQ1ODhkMmI2YTp7Il9hdXRoX3VzZXJfYmFja2VuZCI6ImRqYW5nby5jb250cmliLmF1dGguYmFja2VuZHMuTW9kZWxCYWNrZW5kIiwiX2F1dGhfdXNlcl9pZCI6IjEiLCJfYXV0aF91c2VyX2hhc2giOiI4NTM2ZTI3ZWM5ZGU3ZWExOTQ1OWFlNDgzZTFlNGE1MjFjZjI5MTg0In0=", "expire_date": "2022-10-25T14:18:29.911Z"}}, {"model": "Site.statusstage", "pk": 1, "fields": {"type": "prepare", "name": "Подготовка", "value": 0}}, {"model": "Site.statusstage", "pk": 2, "fields": {"type": "work", "name": "Работа", "value": 1}}, {"model": "Site.status", "pk": 1, "fields": {"type": "init", "name": "Создан", "stage": 1, "value": 0, "color": "#999"}}, {"model": "Site.status", "pk": 2, "fields": {"type": "search", "name": "Поиск", "stage": 1, "value": 50, "color": "#5bc0de"}}, {"model": "Site.status", "pk": 3, "fields": {"type": "notEqual", "name": "Совпадений не выявлено", "stage": 1, "value": 100, "color": "#d9534f"}}, {"model": "Site.status", "pk": 4, "fields": {"type": "equal", "name": "Совпадение", "stage": 1, "value": 100, "color": "#5cb85c"}}, {"model": "Site.status", "pk": 5, "fields": {"type": "analysis", "name": "Анализ", "stage": 2, "value": 50, "color": "#0075ff"}}, {"model": "Site.status", "pk": 6, "fields": {"type": "warning", "name": "Выявлены нарушения", "stage": 2, "value": 100, "color": "#f0ad4e"}}, {"model": "Site.status", "pk": 7, "fields": {"type": "success", "name": "Нарушений не выявлено", "stage": 2, "value": 100, "color": "#999"}}, {"model": "Site.lastupdateconfig", "pk": 1, "fields": {"type": "vkLastUpdateDate", "dateStart": "2022-08-22T07:17:28.239Z", "dateEnd": "2022-08-22T07:17:38.316Z"}}, {"model": "Site.file", "pk": 155, "fields": {"name": "userpic-user.png", "file": "Site/uploads/userpic-user_C63879M.png", "removeAt": null}}, {"model": "Site.file", "pk": 157, "fields": {"name": "print-logo.png", "file": "Site/uploads/print-logo_k8zbpjZ.png", "removeAt": null}}, {"model": "Site.file", "pk": 158, "fields": {"name": "print-logo.png", "file": "Site/uploads/print-logo_PdnN1pt.png", "removeAt": "2022-08-29T12:09:52.275Z"}}, {"model": "Site.file", "pk": 159, "fields": {"name": "userpic-user.png", "file": "Site/uploads/userpic-user_TXQo0Nf.png", "removeAt": null}}, {"model": "Site.file", "pk": 160, "fields": {"name": "print-logo.png", "file": "Site/uploads/print-logo_eO9z2js.png", "removeAt": "2022-08-29T12:25:22.621Z"}}, {"model": "Site.file", "pk": 161, "fields": {"name": "print-logo.png", "file": "Site/uploads/print-logo_jn5SDR3.png", "removeAt": "2022-08-29T12:28:39.711Z"}}, {"model": "Site.file", "pk": 162, "fields": {"name": "userpic-user.png", "file": "Site/uploads/userpic-user_bGISLuF.png", "removeAt": null}}, {"model": "Site.file", "pk": 163, "fields": {"name": "print-logo.png", "file": "Site/uploads/print-logo_tTNyRAL.png", "removeAt": "2022-08-29T12:39:36.642Z"}}, {"model": "Site.file", "pk": 164, "fields": {"name": "userpic-user.png", "file": "Site/uploads/userpic-user_3D4IcA5.png", "removeAt": "2022-08-29T12:40:00.159Z"}}, {"model": "Site.file", "pk": 165, "fields": {"name": "print-logo.png", "file": "Site/uploads/print-logo_naaDhuy.png", "removeAt": null}}, {"model": "Site.file", "pk": 167, "fields": {"name": "print-logo.png", "file": "Site/uploads/print-logo_HttwmRh.png", "removeAt": null}}, {"model": "Site.file", "pk": 168, "fields": {"name": "print-logo.png", "file": "Site/uploads/print-logo_snY1Ajc.png", "removeAt": "2022-08-29T13:37:16.152Z"}}, {"model": "Site.file", "pk": 170, "fields": {"name": "success.png", "file": "Site/uploads/success_taTaqxT.png", "removeAt": "2022-09-23T13:24:04.428Z"}}, {"model": "Site.file", "pk": 171, "fields": {"name": "ui-bg_diagonals-thick_20_666666_40x40.png", "file": "Site/uploads/ui-bg_diagonals-thick_20_666666_40x40_KKLe5Fk.png", "removeAt": null}}, {"model": "Site.file", "pk": 173, "fields": {"name": "success.png", "file": "Site/uploads/success_UQpG6fL.png", "removeAt": null}}, {"model": "Site.file", "pk": 174, "fields": {"name": "ui-bg_diagonals-thick_20_666666_40x40.png", "file": "Site/uploads/ui-bg_diagonals-thick_20_666666_40x40_cUa9pBn.png", "removeAt": null}}, {"model": "Site.file", "pk": 175, "fields": {"name": "success.png", "file": "Site/uploads/success_LPxTT5t.png", "removeAt": null}}, {"model": "Site.file", "pk": 176, "fields": {"name": "ui-bg_diagonals-thick_20_666666_40x40.png", "file": "Site/uploads/ui-bg_diagonals-thick_20_666666_40x40_aEiQgwi.png", "removeAt": null}}, {"model": "Site.file", "pk": 177, "fields": {"name": "ui-bg_diagonals-thick_20_666666_40x40.png", "file": "Site/uploads/ui-bg_diagonals-thick_20_666666_40x40_FW9Ajhy.png", "removeAt": null}}, {"model": "Site.file", "pk": 178, "fields": {"name": "ui-bg_diagonals-thick_20_666666_40x40.png", "file": "Site/uploads/ui-bg_diagonals-thick_20_666666_40x40_gXEJQUq.png", "removeAt": null}}, {"model": "Site.file", "pk": 179, "fields": {"name": "1.jpeg", "file": "Site/uploads/1.jpeg", "removeAt": null}}, {"model": "Site.render", "pk": 1, "fields": {"type": "datetime", "name": "Дата и время"}}, {"model": "Site.render", "pk": 2, "fields": {"type": "date", "name": "Дата"}}, {"model": "Site.render", "pk": 3, "fields": {"type": "progress", "name": "Состояние"}}, {"model": "Site.render", "pk": 4, "fields": {"type": "valueList", "name": "Список значений"}}, {"model": "Site.render", "pk": 5, "fields": {"type": "place", "name": "Место"}}, {"model": "Site.table", "pk": 1, "fields": {"type": "control", "name": "Данные ЛС"}}, {"model": "Site.table", "pk": 2, "fields": {"type": "place", "name": "Место"}}, {"model": "Site.table", "pk": 5, "fields": {"type": "vch", "name": "Список ВЧ"}}, {"model": "Site.column", "pk": 1, "fields": {"table": 1, "title": "ФИО", "data": "fullName", "order": 0, "view": true, "viewOrder": 0, "orderable": true, "fixed": true, "hide": true, "visible": true, "render": null}}, {"model": "Site.column", "pk": 2, "fields": {"table": 1, "title": "Дата последнего обновления", "data": "updatedAt", "order": 0, "view": true, "viewOrder": 12, "orderable": true, "fixed": false, "hide": false, "visible": false, "render": 1}}, {"model": "Site.column", "pk": 3, "fields": {"table": 1, "title": "Дата рождения", "data": "birthDate", "order": 0, "view": true, "viewOrder": 1, "orderable": true, "fixed": false, "hide": false, "visible": true, "render": 2}}, {"model": "Site.column", "pk": 4, "fields": {"table": 1, "title": "Номера телефонов", "data": "phoneList", "order": 0, "view": true, "viewOrder": 4, "orderable": false, "fixed": false, "hide": false, "visible": true, "render": 4}}, {"model": "Site.column", "pk": 5, "fields": {"table": 1, "title": "Адреса эл.почт", "data": "mailList", "order": 0, "view": true, "viewOrder": 5, "orderable": false, "fixed": false, "hide": false, "visible": true, "render": 4}}, {"model": "Site.column", "pk": 6, "fields": {"table": 2, "title": "Страна", "data": "country", "order": 0, "view": true, "viewOrder": 0, "orderable": true, "fixed": false, "hide": true, "visible": true, "render": null}}, {"model": "Site.column", "pk": 7, "fields": {"table": 2, "title": "Регион", "data": "region", "order": 0, "view": true, "viewOrder": 0, "orderable": true, "fixed": false, "hide": true, "visible": true, "render": null}}, {"model": "Site.column", "pk": 8, "fields": {"table": 2, "title": "Город", "data": "city", "order": 0, "view": true, "viewOrder": 0, "orderable": true, "fixed": false, "hide": true, "visible": true, "render": null}}, {"model": "Site.column", "pk": 9, "fields": {"table": 5, "title": "Номер", "data": "number", "order": 0, "view": true, "viewOrder": 0, "orderable": true, "fixed": true, "hide": true, "visible": true, "render": null}}, {"model": "Site.column", "pk": 10, "fields": {"table": 1, "title": "Место рождения", "data": "birthPlace", "order": 0, "view": true, "viewOrder": 2, "orderable": false, "fixed": false, "hide": false, "visible": true, "render": 5}}, {"model": "Site.column", "pk": 11, "fields": {"table": 1, "title": "Место жительства", "data": "livePlace", "order": 0, "view": true, "viewOrder": 3, "orderable": false, "fixed": false, "hide": false, "visible": true, "render": 5}}, {"model": "Site.column", "pk": 12, "fields": {"table": 1, "title": "Школа", "data": "schools", "order": 0, "view": true, "viewOrder": 8, "orderable": true, "fixed": false, "hide": false, "visible": true, "render": null}}, {"model": "Site.column", "pk": 13, "fields": {"table": 1, "title": "ВУЗ", "data": "universities", "order": 0, "view": true, "viewOrder": 9, "orderable": true, "fixed": false, "hide": false, "visible": true, "render": null}}, {"model": "Site.column", "pk": 14, "fields": {"table": 1, "title": "Место работы", "data": "work", "order": 0, "view": true, "viewOrder": 7, "orderable": true, "fixed": false, "hide": false, "visible": true, "render": null}}, {"model": "Site.column", "pk": 15, "fields": {"table": 1, "title": "Место военной службы", "data": "vch", "order": 0, "view": true, "viewOrder": 6, "orderable": true, "fixed": false, "hide": false, "visible": true, "render": null}}, {"model": "Site.column", "pk": 16, "fields": {"table": 1, "title": "Статус", "data": "status", "order": 0, "view": true, "viewOrder": 11, "orderable": true, "fixed": false, "hide": false, "visible": true, "render": 3}}, {"model": "Site.patterntable", "pk": 4, "fields": {"name": "Рабочий", "table": 1}}, {"model": "Site.patterncolumn", "pk": 7, "fields": {"pattern": 4, "column": 1}}, {"model": "Site.patterncolumn", "pk": 8, "fields": {"pattern": 4, "column": 16}}, {"model": "Site.patterncolumn", "pk": 9, "fields": {"pattern": 4, "column": 2}}, {"model": "Site.countries", "pk": 2, "fields": {"title": "Россия", "removeAt": null}}, {"model": "Site.countries", "pk": 7, "fields": {"title": "Россия 1", "removeAt": "2022-09-26T13:58:40.073Z"}}, {"model": "Site.countries", "pk": 8, "fields": {"title": "Россия 1", "removeAt": "2022-09-26T13:59:07.983Z"}}, {"model": "Site.countries", "pk": 9, "fields": {"title": "Грузия", "removeAt": null}}, {"model": "Site.countries", "pk": 10, "fields": {"title": "12", "removeAt": "2022-10-10T14:31:55.096Z"}}, {"model": "Site.countries", "pk": 11, "fields": {"title": "122", "removeAt": "2022-10-12T12:22:26.027Z"}}, {"model": "Site.regions", "pk": 2, "fields": {"title": "МО", "country": 2, "removeAt": null}}, {"model": "Site.regions", "pk": 3, "fields": {"title": "Горы", "country": 9, "removeAt": null}}, {"model": "Site.regions", "pk": 4, "fields": {"title": "НСО1", "country": 2, "removeAt": null}}, {"model": "Site.cities", "pk": 1, "fields": {"title": "Мск", "country": 2, "region": 2, "removeAt": null}}, {"model": "Site.cities", "pk": 2, "fields": {"title": "Мск 2", "country": 2, "region": null, "removeAt": null}}, {"model": "Site.cities", "pk": 3, "fields": {"title": "123", "country": 9, "region": 3, "removeAt": null}}, {"model": "Site.place", "pk": 1, "fields": {"country": 2, "region": null, "city": 1}}, {"model": "Site.place", "pk": 2, "fields": {"country": 2, "region": null, "city": 1}}, {"model": "Site.place", "pk": 3, "fields": {"country": 9, "region": 3, "city": 3}}, {"model": "Site.place", "pk": 4, "fields": {"country": null, "region": 2, "city": null}}, {"model": "Site.place", "pk": 5, "fields": {"country": 2, "region": null, "city": 1}}, {"model": "Site.place", "pk": 6, "fields": {"country": 9, "region": 3, "city": null}}, {"model": "Site.place", "pk": 7, "fields": {"country": 2, "region": null, "city": 2}}, {"model": "Site.place", "pk": 8, "fields": {"country": 2, "region": null, "city": 1}}, {"model": "Site.place", "pk": 9, "fields": {"country": 9, "region": 3, "city": null}}, {"model": "Site.place", "pk": 10, "fields": {"country": 2, "region": null, "city": 1}}, {"model": "Site.place", "pk": 11, "fields": {"country": 9, "region": 3, "city": null}}, {"model": "Site.place", "pk": 12, "fields": {"country": 2, "region": null, "city": 2}}, {"model": "Site.place", "pk": 13, "fields": {"country": 2, "region": null, "city": 1}}, {"model": "Site.place", "pk": 14, "fields": {"country": 9, "region": 3, "city": null}}, {"model": "Site.place", "pk": 15, "fields": {"country": 2, "region": null, "city": 2}}, {"model": "Site.place", "pk": 16, "fields": {"country": 2, "region": 2, "city": 1}}, {"model": "Site.place", "pk": 17, "fields": {"country": null, "region": 2, "city": null}}, {"model": "Site.place", "pk": 18, "fields": {"country": 2, "region": null, "city": null}}, {"model": "Site.place", "pk": 19, "fields": {"country": 2, "region": null, "city": null}}, {"model": "Site.vch", "pk": 2, "fields": {"number": "111111h", "removeAt": null}}, {"model": "Site.vch", "pk": 3, "fields": {"number": "1234", "removeAt": "2022-10-03T15:58:08.001Z"}}, {"model": "Site.vch", "pk": 4, "fields": {"number": "12346", "removeAt": "2022-10-03T16:01:42.027Z"}}, {"model": "Site.vch", "pk": 5, "fields": {"number": "12347ц", "removeAt": null}}, {"model": "Site.vch", "pk": 6, "fields": {"number": "111111", "removeAt": "2022-10-11T06:45:39.085Z"}}, {"model": "Site.vch", "pk": 7, "fields": {"number": "51105", "removeAt": null}}, {"model": "Site.vch", "pk": 8, "fields": {"number": "g8bb", "removeAt": "2022-10-10T14:16:07.913Z"}}, {"model": "Site.vch", "pk": 9, "fields": {"number": "1234z", "removeAt": "2022-10-10T14:15:28.912Z"}}, {"model": "Site.vch", "pk": 10, "fields": {"number": "drfgsfh", "removeAt": null}}, {"model": "Site.vch", "pk": 11, "fields": {"number": "111111d", "removeAt": null}}, {"model": "Site.vch", "pk": 12, "fields": {"number": "dshsgh", "removeAt": null}}, {"model": "Site.vch", "pk": 13, "fields": {"number": "74553t3", "removeAt": null}}, {"model": "Site.social", "pk": 1, "fields": {"controlUser": 23, "value": "23"}}, {"model": "auth.permission", "fields": {"name": "Can add log entry", "content_type": ["admin", "logentry"], "codename": "add_logentry"}}, {"model": "auth.permission", "fields": {"name": "Can change log entry", "content_type": ["admin", "logentry"], "codename": "change_logentry"}}, {"model": "auth.permission", "fields": {"name": "Can delete log entry", "content_type": ["admin", "logentry"], "codename": "delete_logentry"}}, {"model": "auth.permission", "fields": {"name": "Can add user", "content_type": ["auth", "user"], "codename": "add_user"}}, {"model": "auth.permission", "fields": {"name": "Can change user", "content_type": ["auth", "user"], "codename": "change_user"}}, {"model": "auth.permission", "fields": {"name": "Can delete user", "content_type": ["auth", "user"], "codename": "delete_user"}}, {"model": "auth.permission", "fields": {"name": "Can add permission", "content_type": ["auth", "permission"], "codename": "add_permission"}}, {"model": "auth.permission", "fields": {"name": "Can change permission", "content_type": ["auth", "permission"], "codename": "change_permission"}}, {"model": "auth.permission", "fields": {"name": "Can delete permission", "content_type": ["auth", "permission"], "codename": "delete_permission"}}, {"model": "auth.permission", "fields": {"name": "Can add group", "content_type": ["auth", "group"], "codename": "add_group"}}, {"model": "auth.permission", "fields": {"name": "Can change group", "content_type": ["auth", "group"], "codename": "change_group"}}, {"model": "auth.permission", "fields": {"name": "Can delete group", "content_type": ["auth", "group"], "codename": "delete_group"}}, {"model": "auth.permission", "fields": {"name": "Can add content type", "content_type": ["contenttypes", "contenttype"], "codename": "add_contenttype"}}, {"model": "auth.permission", "fields": {"name": "Can change content type", "content_type": ["contenttypes", "contenttype"], "codename": "change_contenttype"}}, {"model": "auth.permission", "fields": {"name": "Can delete content type", "content_type": ["contenttypes", "contenttype"], "codename": "delete_contenttype"}}, {"model": "auth.permission", "fields": {"name": "Can add session", "content_type": ["sessions", "session"], "codename": "add_session"}}, {"model": "auth.permission", "fields": {"name": "Can change session", "content_type": ["sessions", "session"], "codename": "change_session"}}, {"model": "auth.permission", "fields": {"name": "Can delete session", "content_type": ["sessions", "session"], "codename": "delete_session"}}, {"model": "auth.permission", "fields": {"name": "Can add Последнее обновление конфигурации", "content_type": ["Site", "lastupdateconfig"], "codename": "add_lastupdateconfig"}}, {"model": "auth.permission", "fields": {"name": "Can change Последнее обновление конфигурации", "content_type": ["Site", "lastupdateconfig"], "codename": "change_lastupdateconfig"}}, {"model": "auth.permission", "fields": {"name": "Can delete Последнее обновление конфигурации", "content_type": ["Site", "lastupdateconfig"], "codename": "delete_lastupdateconfig"}}, {"model": "auth.permission", "fields": {"name": "Can add Шаблон", "content_type": ["Site", "patterntable"], "codename": "add_patterntable"}}, {"model": "auth.permission", "fields": {"name": "Can change Шаблон", "content_type": ["Site", "patterntable"], "codename": "change_patterntable"}}, {"model": "auth.permission", "fields": {"name": "Can delete Шаблон", "content_type": ["Site", "patterntable"], "codename": "delete_patterntable"}}, {"model": "auth.permission", "fields": {"name": "Can add Рендер", "content_type": ["Site", "render"], "codename": "add_render"}}, {"model": "auth.permission", "fields": {"name": "Can change Рендер", "content_type": ["Site", "render"], "codename": "change_render"}}, {"model": "auth.permission", "fields": {"name": "Can delete Рендер", "content_type": ["Site", "render"], "codename": "delete_render"}}, {"model": "auth.permission", "fields": {"name": "Can add Столбец", "content_type": ["Site", "column"], "codename": "add_column"}}, {"model": "auth.permission", "fields": {"name": "Can change Столбец", "content_type": ["Site", "column"], "codename": "change_column"}}, {"model": "auth.permission", "fields": {"name": "Can delete Столбец", "content_type": ["Site", "column"], "codename": "delete_column"}}, {"model": "auth.permission", "fields": {"name": "Can add Таблица", "content_type": ["Site", "table"], "codename": "add_table"}}, {"model": "auth.permission", "fields": {"name": "Can change Таблица", "content_type": ["Site", "table"], "codename": "change_table"}}, {"model": "auth.permission", "fields": {"name": "Can delete Таблица", "content_type": ["Site", "table"], "codename": "delete_table"}}, {"model": "auth.permission", "fields": {"name": "Can add Шаблон Столбец", "content_type": ["Site", "patterncolumn"], "codename": "add_patterncolumn"}}, {"model": "auth.permission", "fields": {"name": "Can change Шаблон Столбец", "content_type": ["Site", "patterncolumn"], "codename": "change_patterncolumn"}}, {"model": "auth.permission", "fields": {"name": "Can delete Шаблон Столбец", "content_type": ["Site", "patterncolumn"], "codename": "delete_patterncolumn"}}, {"model": "auth.permission", "fields": {"name": "Can add Город", "content_type": ["Site", "cities"], "codename": "add_cities"}}, {"model": "auth.permission", "fields": {"name": "Can change Город", "content_type": ["Site", "cities"], "codename": "change_cities"}}, {"model": "auth.permission", "fields": {"name": "Can delete Город", "content_type": ["Site", "cities"], "codename": "delete_cities"}}, {"model": "auth.permission", "fields": {"name": "Can add Страна", "content_type": ["Site", "countries"], "codename": "add_countries"}}, {"model": "auth.permission", "fields": {"name": "Can change Страна", "content_type": ["Site", "countries"], "codename": "change_countries"}}, {"model": "auth.permission", "fields": {"name": "Can delete Страна", "content_type": ["Site", "countries"], "codename": "delete_countries"}}, {"model": "auth.permission", "fields": {"name": "Can add Регион", "content_type": ["Site", "regions"], "codename": "add_regions"}}, {"model": "auth.permission", "fields": {"name": "Can change Регион", "content_type": ["Site", "regions"], "codename": "change_regions"}}, {"model": "auth.permission", "fields": {"name": "Can delete Регион", "content_type": ["Site", "regions"], "codename": "delete_regions"}}, {"model": "auth.permission", "fields": {"name": "Can add Сотрудник", "content_type": ["Site", "controluser"], "codename": "add_controluser"}}, {"model": "auth.permission", "fields": {"name": "Can change Сотрудник", "content_type": ["Site", "controluser"], "codename": "change_controluser"}}, {"model": "auth.permission", "fields": {"name": "Can delete Сотрудник", "content_type": ["Site", "controluser"], "codename": "delete_controluser"}}, {"model": "auth.permission", "fields": {"name": "Can add Фото сотрудника", "content_type": ["Site", "controluserimg"], "codename": "add_controluserimg"}}, {"model": "auth.permission", "fields": {"name": "Can change Фото сотрудника", "content_type": ["Site", "controluserimg"], "codename": "change_controluserimg"}}, {"model": "auth.permission", "fields": {"name": "Can delete Фото сотрудника", "content_type": ["Site", "controluserimg"], "codename": "delete_controluserimg"}}, {"model": "auth.permission", "fields": {"name": "Can add Название", "content_type": ["Site", "file"], "codename": "add_file"}}, {"model": "auth.permission", "fields": {"name": "Can change Название", "content_type": ["Site", "file"], "codename": "change_file"}}, {"model": "auth.permission", "fields": {"name": "Can delete Название", "content_type": ["Site", "file"], "codename": "delete_file"}}, {"model": "auth.permission", "fields": {"name": "Can add Номер телефона", "content_type": ["Site", "phone"], "codename": "add_phone"}}, {"model": "auth.permission", "fields": {"name": "Can change Номер телефона", "content_type": ["Site", "phone"], "codename": "change_phone"}}, {"model": "auth.permission", "fields": {"name": "Can delete Номер телефона", "content_type": ["Site", "phone"], "codename": "delete_phone"}}, {"model": "auth.permission", "fields": {"name": "Can add Номер телефона", "content_type": ["Site", "mail"], "codename": "add_mail"}}, {"model": "auth.permission", "fields": {"name": "Can change Номер телефона", "content_type": ["Site", "mail"], "codename": "change_mail"}}, {"model": "auth.permission", "fields": {"name": "Can delete Номер телефона", "content_type": ["Site", "mail"], "codename": "delete_mail"}}, {"model": "auth.permission", "fields": {"name": "Can add Место", "content_type": ["Site", "place"], "codename": "add_place"}}, {"model": "auth.permission", "fields": {"name": "Can change Место", "content_type": ["Site", "place"], "codename": "change_place"}}, {"model": "auth.permission", "fields": {"name": "Can delete Место", "content_type": ["Site", "place"], "codename": "delete_place"}}, {"model": "auth.permission", "fields": {"name": "Can add Фото сотрудника", "content_type": ["Site", "controluserplace"], "codename": "add_controluserplace"}}, {"model": "auth.permission", "fields": {"name": "Can change Фото сотрудника", "content_type": ["Site", "controluserplace"], "codename": "change_controluserplace"}}, {"model": "auth.permission", "fields": {"name": "Can delete Фото сотрудника", "content_type": ["Site", "controluserplace"], "codename": "delete_controluserplace"}}, {"model": "auth.permission", "fields": {"name": "Can add Воинская часть", "content_type": ["Site", "vch"], "codename": "add_vch"}}, {"model": "auth.permission", "fields": {"name": "Can change Воинская часть", "content_type": ["Site", "vch"], "codename": "change_vch"}}, {"model": "auth.permission", "fields": {"name": "Can delete Воинская часть", "content_type": ["Site", "vch"], "codename": "delete_vch"}}, {"model": "auth.permission", "fields": {"name": "Can add Статусы", "content_type": ["Site", "status"], "codename": "add_status"}}, {"model": "auth.permission", "fields": {"name": "Can change Статусы", "content_type": ["Site", "status"], "codename": "change_status"}}, {"model": "auth.permission", "fields": {"name": "Can delete Статусы", "content_type": ["Site", "status"], "codename": "delete_status"}}, {"model": "auth.permission", "fields": {"name": "Can add Этап статуса", "content_type": ["Site", "statusstage"], "codename": "add_statusstage"}}, {"model": "auth.permission", "fields": {"name": "Can change Этап статуса", "content_type": ["Site", "statusstage"], "codename": "change_statusstage"}}, {"model": "auth.permission", "fields": {"name": "Can delete Этап статуса", "content_type": ["Site", "statusstage"], "codename": "delete_statusstage"}}, {"model": "auth.permission", "fields": {"name": "Can add Социальная сеть", "content_type": ["Site", "social"], "codename": "add_social"}}, {"model": "auth.permission", "fields": {"name": "Can change Социальная сеть", "content_type": ["Site", "social"], "codename": "change_social"}}, {"model": "auth.permission", "fields": {"name": "Can delete Социальная сеть", "content_type": ["Site", "social"], "codename": "delete_social"}}, {"model": "auth.user", "fields": {"password": "pbkdf2_sha256$30000$jFLUty4iJnY5$tcVwaV1+Vue4oLNkXVqHQNjnH9Rg566hGN0dQjnEINU=", "last_login": "2022-10-11T14:18:29.898Z", "is_superuser": true, "username": "admin", "first_name": "", "last_name": "", "email": "a@mail.com", "is_staff": true, "is_active": true, "date_joined": "2022-08-22T07:12:42.287Z", "groups": [], "user_permissions": []}}, {"model": "Site.controluser", "pk": 22, "fields": {"user": null, "lastName": "Пользователь", "firstName": "без", "patronymic": "вк", "lastNameT": "Polzovatel", "firstNameT": "bez", "patronymicT": "vk", "birthDay": 12, "birthMonth": 10, "birthYear": 2022, "birthPlace": null, "livePlace": null, "schools": "", "universities": "", "work": "", "vch": null, "status": 7, "updatedAt": "2022-10-12T14:15:47.555Z", "removeAt": null}}, {"model": "Site.controluser", "pk": 23, "fields": {"user": null, "lastName": "Пользователь", "firstName": "с", "patronymic": "пустотой", "lastNameT": "Polzovatel", "firstNameT": "s", "patronymicT": "pustotoy", "birthDay": 12, "birthMonth": 10, "birthYear": 2022, "birthPlace": null, "livePlace": null, "schools": "", "universities": "", "work": "", "vch": null, "status": 6, "updatedAt": "2022-10-12T12:20:17Z", "removeAt": null}}, {"model": "admin.logentry", "pk": 1, "fields": {"action_time": "2022-08-22T09:05:42.284Z", "user": ["admin"], "content_type": ["Site", "table"], "object_id": "1", "object_repr": "Данные ЛС", "action_flag": 1, "change_message": "[{\"added\": {}}]"}}, {"model": "admin.logentry", "pk": 2, "fields": {"action_time": "2022-08-22T09:06:07.533Z", "user": ["admin"], "content_type": ["Site", "column"], "object_id": "1", "object_repr": "ФИО", "action_flag": 1, "change_message": "[{\"added\": {}}]"}}, {"model": "admin.logentry", "pk": 3, "fields": {"action_time": "2022-08-22T09:07:32.584Z", "user": ["admin"], "content_type": ["Site", "column"], "object_id": "2", "object_repr": "Дата последнего обновления", "action_flag": 1, "change_message": "[{\"added\": {}}]"}}, {"model": "admin.logentry", "pk": 4, "fields": {"action_time": "2022-08-22T09:08:41.483Z", "user": ["admin"], "content_type": ["Site", "render"], "object_id": "1", "object_repr": "Дата и время", "action_flag": 1, "change_message": "[{\"added\": {}}]"}}, {"model": "admin.logentry", "pk": 5, "fields": {"action_time": "2022-08-22T09:08:48.570Z", "user": ["admin"], "content_type": ["Site", "render"], "object_id": "2", "object_repr": "Дата", "action_flag": 1, "change_message": "[{\"added\": {}}]"}}, {"model": "admin.logentry", "pk": 6, "fields": {"action_time": "2022-08-22T09:09:04.219Z", "user": ["admin"], "content_type": ["Site", "render"], "object_id": "3", "object_repr": "Состояние", "action_flag": 1, "change_message": "[{\"added\": {}}]"}}, {"model": "admin.logentry", "pk": 7, "fields": {"action_time": "2022-08-22T09:09:15.776Z", "user": ["admin"], "content_type": ["Site", "column"], "object_id": "2", "object_repr": "Дата последнего обновления", "action_flag": 2, "change_message": "[{\"changed\": {\"fields\": [\"render\"]}}]"}}, {"model": "admin.logentry", "pk": 8, "fields": {"action_time": "2022-08-22T09:12:03.918Z", "user": ["admin"], "content_type": ["Site", "column"], "object_id": "1", "object_repr": "ФИО", "action_flag": 2, "change_message": "[{\"changed\": {\"fields\": [\"orderable\"]}}]"}}, {"model": "admin.logentry", "pk": 9, "fields": {"action_time": "2022-08-22T13:17:41.418Z", "user": ["admin"], "content_type": ["Site", "column"], "object_id": "3", "object_repr": "Дата рождения", "action_flag": 1, "change_message": "[{\"added\": {}}]"}}, {"model": "admin.logentry", "pk": 10, "fields": {"action_time": "2022-08-22T13:26:30.362Z", "user": ["admin"], "content_type": ["Site", "column"], "object_id": "3", "object_repr": "Дата рождения", "action_flag": 2, "change_message": "[]"}}, {"model": "admin.logentry", "pk": 11, "fields": {"action_time": "2022-08-23T14:30:51.138Z", "user": ["admin"], "content_type": ["Site", "file"], "object_id": "21", "object_repr": "success.png", "action_flag": 3, "change_message": ""}}, {"model": "admin.logentry", "pk": 12, "fields": {"action_time": "2022-08-23T14:30:51.166Z", "user": ["admin"], "content_type": ["Site", "file"], "object_id": "20", "object_repr": "success.png", "action_flag": 3, "change_message": ""}}, {"model": "admin.logentry", "pk": 13, "fields": {"action_time": "2022-08-23T14:30:51.169Z", "user": ["admin"], "content_type": ["Site", "file"], "object_id": "19", "object_repr": "success.png", "action_flag": 3, "change_message": ""}}, {"model": "admin.logentry", "pk": 14, "fields": {"action_time": "2022-08-23T14:30:51.171Z", "user": ["admin"], "content_type": ["Site", "file"], "object_id": "18", "object_repr": "success.png", "action_flag": 3, "change_message": ""}}, {"model": "admin.logentry", "pk": 15, "fields": {"action_time": "2022-08-23T14:30:51.172Z", "user": ["admin"], "content_type": ["Site", "file"], "object_id": "16", "object_repr": "success.png", "action_flag": 3, "change_message": ""}}, {"model": "admin.logentry", "pk": 16, "fields": {"action_time": "2022-08-23T14:30:51.174Z", "user": ["admin"], "content_type": ["Site", "file"], "object_id": "15", "object_repr": "success.png", "action_flag": 3, "change_message": ""}}, {"model": "admin.logentry", "pk": 17, "fields": {"action_time": "2022-08-23T14:30:51.176Z", "user": ["admin"], "content_type": ["Site", "file"], "object_id": "14", "object_repr": "success.png", "action_flag": 3, "change_message": ""}}, {"model": "admin.logentry", "pk": 18, "fields": {"action_time": "2022-08-23T14:30:51.177Z", "user": ["admin"], "content_type": ["Site", "file"], "object_id": "13", "object_repr": "success.png", "action_flag": 3, "change_message": ""}}, {"model": "admin.logentry", "pk": 19, "fields": {"action_time": "2022-08-23T14:30:51.180Z", "user": ["admin"], "content_type": ["Site", "file"], "object_id": "12", "object_repr": "success.png", "action_flag": 3, "change_message": ""}}, {"model": "admin.logentry", "pk": 20, "fields": {"action_time": "2022-08-23T14:30:51.182Z", "user": ["admin"], "content_type": ["Site", "file"], "object_id": "5", "object_repr": "success.png", "action_flag": 3, "change_message": ""}}, {"model": "admin.logentry", "pk": 21, "fields": {"action_time": "2022-08-23T14:30:51.185Z", "user": ["admin"], "content_type": ["Site", "file"], "object_id": "1", "object_repr": "success.png", "action_flag": 3, "change_message": ""}}, {"model": "admin.logentry", "pk": 22, "fields": {"action_time": "2022-08-23T14:30:51.233Z", "user": ["admin"], "content_type": ["Site", "file"], "object_id": "17", "object_repr": "ui-bg_diagonals-thick_20_666666_40x40.png", "action_flag": 3, "change_message": ""}}, {"model": "admin.logentry", "pk": 23, "fields": {"action_time": "2022-08-23T14:30:51.236Z", "user": ["admin"], "content_type": ["Site", "file"], "object_id": "11", "object_repr": "ui-bg_diagonals-thick_20_666666_40x40.png", "action_flag": 3, "change_message": ""}}, {"model": "admin.logentry", "pk": 24, "fields": {"action_time": "2022-08-23T14:30:51.237Z", "user": ["admin"], "content_type": ["Site", "file"], "object_id": "10", "object_repr": "ui-bg_diagonals-thick_20_666666_40x40.png", "action_flag": 3, "change_message": ""}}, {"model": "admin.logentry", "pk": 25, "fields": {"action_time": "2022-08-23T14:30:51.240Z", "user": ["admin"], "content_type": ["Site", "file"], "object_id": "9", "object_repr": "ui-bg_diagonals-thick_20_666666_40x40.png", "action_flag": 3, "change_message": ""}}, {"model": "admin.logentry", "pk": 26, "fields": {"action_time": "2022-08-23T14:30:51.242Z", "user": ["admin"], "content_type": ["Site", "file"], "object_id": "8", "object_repr": "ui-bg_diagonals-thick_20_666666_40x40.png", "action_flag": 3, "change_message": ""}}, {"model": "admin.logentry", "pk": 27, "fields": {"action_time": "2022-08-23T14:30:51.246Z", "user": ["admin"], "content_type": ["Site", "file"], "object_id": "7", "object_repr": "ui-bg_diagonals-thick_20_666666_40x40.png", "action_flag": 3, "change_message": ""}}, {"model": "admin.logentry", "pk": 28, "fields": {"action_time": "2022-08-23T14:30:51.256Z", "user": ["admin"], "content_type": ["Site", "file"], "object_id": "6", "object_repr": "ui-bg_diagonals-thick_20_666666_40x40.png", "action_flag": 3, "change_message": ""}}, {"model": "admin.logentry", "pk": 29, "fields": {"action_time": "2022-08-23T14:30:51.258Z", "user": ["admin"], "content_type": ["Site", "file"], "object_id": "4", "object_repr": "ui-bg_diagonals-thick_20_666666_40x40.png", "action_flag": 3, "change_message": ""}}, {"model": "admin.logentry", "pk": 30, "fields": {"action_time": "2022-08-23T14:30:51.260Z", "user": ["admin"], "content_type": ["Site", "file"], "object_id": "3", "object_repr": "ui-bg_diagonals-thick_20_666666_40x40.png", "action_flag": 3, "change_message": ""}}, {"model": "admin.logentry", "pk": 31, "fields": {"action_time": "2022-08-23T14:30:51.263Z", "user": ["admin"], "content_type": ["Site", "file"], "object_id": "2", "object_repr": "ui-bg_diagonals-thick_20_666666_40x40.png", "action_flag": 3, "change_message": ""}}, {"model": "admin.logentry", "pk": 32, "fields": {"action_time": "2022-08-29T06:03:42.259Z", "user": ["admin"], "content_type": ["Site", "file"], "object_id": "127", "object_repr": "print-logo.png", "action_flag": 3, "change_message": ""}}, {"model": "admin.logentry", "pk": 33, "fields": {"action_time": "2022-08-29T06:03:42.266Z", "user": ["admin"], "content_type": ["Site", "file"], "object_id": "32", "object_repr": "redmine_auto_lock-master.zip", "action_flag": 3, "change_message": ""}}, {"model": "admin.logentry", "pk": 34, "fields": {"action_time": "2022-08-29T06:03:42.269Z", "user": ["admin"], "content_type": ["Site", "file"], "object_id": "125", "object_repr": "success.png", "action_flag": 3, "change_message": ""}}, {"model": "admin.logentry", "pk": 35, "fields": {"action_time": "2022-08-29T06:03:42.270Z", "user": ["admin"], "content_type": ["Site", "file"], "object_id": "124", "object_repr": "success.png", "action_flag": 3, "change_message": ""}}, {"model": "admin.logentry", "pk": 36, "fields": {"action_time": "2022-08-29T06:03:42.272Z", "user": ["admin"], "content_type": ["Site", "file"], "object_id": "123", "object_repr": "success.png", "action_flag": 3, "change_message": ""}}, {"model": "admin.logentry", "pk": 37, "fields": {"action_time": "2022-08-29T06:03:42.274Z", "user": ["admin"], "content_type": ["Site", "file"], "object_id": "122", "object_repr": "success.png", "action_flag": 3, "change_message": ""}}, {"model": "admin.logentry", "pk": 38, "fields": {"action_time": "2022-08-29T06:03:42.276Z", "user": ["admin"], "content_type": ["Site", "file"], "object_id": "121", "object_repr": "success.png", "action_flag": 3, "change_message": ""}}, {"model": "admin.logentry", "pk": 39, "fields": {"action_time": "2022-08-29T06:03:42.278Z", "user": ["admin"], "content_type": ["Site", "file"], "object_id": "120", "object_repr": "success.png", "action_flag": 3, "change_message": ""}}, {"model": "admin.logentry", "pk": 40, "fields": {"action_time": "2022-08-29T06:03:42.280Z", "user": ["admin"], "content_type": ["Site", "file"], "object_id": "119", "object_repr": "success.png", "action_flag": 3, "change_message": ""}}, {"model": "admin.logentry", "pk": 41, "fields": {"action_time": "2022-08-29T06:03:42.281Z", "user": ["admin"], "content_type": ["Site", "file"], "object_id": "118", "object_repr": "success.png", "action_flag": 3, "change_message": ""}}, {"model": "admin.logentry", "pk": 42, "fields": {"action_time": "2022-08-29T06:03:42.283Z", "user": ["admin"], "content_type": ["Site", "file"], "object_id": "117", "object_repr": "success.png", "action_flag": 3, "change_message": ""}}, {"model": "admin.logentry", "pk": 43, "fields": {"action_time": "2022-08-29T06:03:42.286Z", "user": ["admin"], "content_type": ["Site", "file"], "object_id": "116", "object_repr": "success.png", "action_flag": 3, "change_message": ""}}, {"model": "admin.logentry", "pk": 44, "fields": {"action_time": "2022-08-29T06:03:42.288Z", "user": ["admin"], "content_type": ["Site", "file"], "object_id": "115", "object_repr": "success.png", "action_flag": 3, "change_message": ""}}, {"model": "admin.logentry", "pk": 45, "fields": {"action_time": "2022-08-29T06:03:42.291Z", "user": ["admin"], "content_type": ["Site", "file"], "object_id": "81", "object_repr": "success.png", "action_flag": 3, "change_message": ""}}, {"model": "admin.logentry", "pk": 46, "fields": {"action_time": "2022-08-29T06:03:42.292Z", "user": ["admin"], "content_type": ["Site", "file"], "object_id": "80", "object_repr": "success.png", "action_flag": 3, "change_message": ""}}, {"model": "admin.logentry", "pk": 47, "fields": {"action_time": "2022-08-29T06:03:42.294Z", "user": ["admin"], "content_type": ["Site", "file"], "object_id": "79", "object_repr": "success.png", "action_flag": 3, "change_message": ""}}, {"model": "admin.logentry", "pk": 48, "fields": {"action_time": "2022-08-29T06:03:42.295Z", "user": ["admin"], "content_type": ["Site", "file"], "object_id": "78", "object_repr": "success.png", "action_flag": 3, "change_message": ""}}, {"model": "admin.logentry", "pk": 49, "fields": {"action_time": "2022-08-29T06:03:42.297Z", "user": ["admin"], "content_type": ["Site", "file"], "object_id": "77", "object_repr": "success.png", "action_flag": 3, "change_message": ""}}, {"model": "admin.logentry", "pk": 50, "fields": {"action_time": "2022-08-29T06:03:42.299Z", "user": ["admin"], "content_type": ["Site", "file"], "object_id": "76", "object_repr": "success.png", "action_flag": 3, "change_message": ""}}, {"model": "admin.logentry", "pk": 51, "fields": {"action_time": "2022-08-29T06:03:42.301Z", "user": ["admin"], "content_type": ["Site", "file"], "object_id": "75", "object_repr": "success.png", "action_flag": 3, "change_message": ""}}, {"model": "admin.logentry", "pk": 52, "fields": {"action_time": "2022-08-29T06:03:42.303Z", "user": ["admin"], "content_type": ["Site", "file"], "object_id": "74", "object_repr": "success.png", "action_flag": 3, "change_message": ""}}, {"model": "admin.logentry", "pk": 53, "fields": {"action_time": "2022-08-29T06:03:42.304Z", "user": ["admin"], "content_type": ["Site", "file"], "object_id": "72", "object_repr": "success.png", "action_flag": 3, "change_message": ""}}, {"model": "admin.logentry", "pk": 54, "fields": {"action_time": "2022-08-29T06:03:42.306Z", "user": ["admin"], "content_type": ["Site", "file"], "object_id": "71", "object_repr": "success.png", "action_flag": 3, "change_message": ""}}, {"model": "admin.logentry", "pk": 55, "fields": {"action_time": "2022-08-29T06:03:42.307Z", "user": ["admin"], "content_type": ["Site", "file"], "object_id": "70", "object_repr": "success.png", "action_flag": 3, "change_message": ""}}, {"model": "admin.logentry", "pk": 56, "fields": {"action_time": "2022-08-29T06:03:42.309Z", "user": ["admin"], "content_type": ["Site", "file"], "object_id": "69", "object_repr": "success.png", "action_flag": 3, "change_message": ""}}, {"model": "admin.logentry", "pk": 57, "fields": {"action_time": "2022-08-29T06:03:42.311Z", "user": ["admin"], "content_type": ["Site", "file"], "object_id": "68", "object_repr": "success.png", "action_flag": 3, "change_message": ""}}, {"model": "admin.logentry", "pk": 58, "fields": {"action_time": "2022-08-29T06:03:42.312Z", "user": ["admin"], "content_type": ["Site", "file"], "object_id": "66", "object_repr": "success.png", "action_flag": 3, "change_message": ""}}, {"model": "admin.logentry", "pk": 59, "fields": {"action_time": "2022-08-29T06:03:42.314Z", "user": ["admin"], "content_type": ["Site", "file"], "object_id": "65", "object_repr": "success.png", "action_flag": 3, "change_message": ""}}, {"model": "admin.logentry", "pk": 60, "fields": {"action_time": "2022-08-29T06:03:42.316Z", "user": ["admin"], "content_type": ["Site", "file"], "object_id": "31", "object_repr": "success.png", "action_flag": 3, "change_message": ""}}, {"model": "admin.logentry", "pk": 61, "fields": {"action_time": "2022-08-29T06:03:42.318Z", "user": ["admin"], "content_type": ["Site", "file"], "object_id": "30", "object_repr": "success.png", "action_flag": 3, "change_message": ""}}, {"model": "admin.logentry", "pk": 62, "fields": {"action_time": "2022-08-29T06:03:42.320Z", "user": ["admin"], "content_type": ["Site", "file"], "object_id": "29", "object_repr": "success.png", "action_flag": 3, "change_message": ""}}, {"model": "admin.logentry", "pk": 63, "fields": {"action_time": "2022-08-29T06:03:42.322Z", "user": ["admin"], "content_type": ["Site", "file"], "object_id": "28", "object_repr": "success.png", "action_flag": 3, "change_message": ""}}, {"model": "admin.logentry", "pk": 64, "fields": {"action_time": "2022-08-29T06:03:42.323Z", "user": ["admin"], "content_type": ["Site", "file"], "object_id": "27", "object_repr": "success.png", "action_flag": 3, "change_message": ""}}, {"model": "admin.logentry", "pk": 65, "fields": {"action_time": "2022-08-29T06:03:42.325Z", "user": ["admin"], "content_type": ["Site", "file"], "object_id": "26", "object_repr": "success.png", "action_flag": 3, "change_message": ""}}, {"model": "admin.logentry", "pk": 66, "fields": {"action_time": "2022-08-29T06:03:42.326Z", "user": ["admin"], "content_type": ["Site", "file"], "object_id": "25", "object_repr": "success.png", "action_flag": 3, "change_message": ""}}, {"model": "admin.logentry", "pk": 67, "fields": {"action_time": "2022-08-29T06:03:42.328Z", "user": ["admin"], "content_type": ["Site", "file"], "object_id": "24", "object_repr": "success.png", "action_flag": 3, "change_message": ""}}, {"model": "admin.logentry", "pk": 68, "fields": {"action_time": "2022-08-29T06:03:42.329Z", "user": ["admin"], "content_type": ["Site", "file"], "object_id": "23", "object_repr": "success.png", "action_flag": 3, "change_message": ""}}, {"model": "admin.logentry", "pk": 69, "fields": {"action_time": "2022-08-29T06:03:42.331Z", "user": ["admin"], "content_type": ["Site", "file"], "object_id": "22", "object_repr": "success.png", "action_flag": 3, "change_message": ""}}, {"model": "admin.logentry", "pk": 70, "fields": {"action_time": "2022-08-29T06:03:42.333Z", "user": ["admin"], "content_type": ["Site", "file"], "object_id": "82", "object_repr": "ui-bg_diagonals-thick_20_666666_40x40.png", "action_flag": 3, "change_message": ""}}, {"model": "admin.logentry", "pk": 71, "fields": {"action_time": "2022-08-29T06:03:42.335Z", "user": ["admin"], "content_type": ["Site", "file"], "object_id": "73", "object_repr": "ui-bg_diagonals-thick_20_666666_40x40.png", "action_flag": 3, "change_message": ""}}, {"model": "admin.logentry", "pk": 72, "fields": {"action_time": "2022-08-29T06:03:42.336Z", "user": ["admin"], "content_type": ["Site", "file"], "object_id": "67", "object_repr": "ui-bg_diagonals-thick_20_666666_40x40.png", "action_flag": 3, "change_message": ""}}, {"model": "admin.logentry", "pk": 73, "fields": {"action_time": "2022-08-29T06:03:42.338Z", "user": ["admin"], "content_type": ["Site", "file"], "object_id": "129", "object_repr": "userpic-user.png", "action_flag": 3, "change_message": ""}}, {"model": "admin.logentry", "pk": 74, "fields": {"action_time": "2022-08-29T06:03:42.341Z", "user": ["admin"], "content_type": ["Site", "file"], "object_id": "128", "object_repr": "userpic-user.png", "action_flag": 3, "change_message": ""}}, {"model": "admin.logentry", "pk": 75, "fields": {"action_time": "2022-08-29T06:03:42.342Z", "user": ["admin"], "content_type": ["Site", "file"], "object_id": "126", "object_repr": "userpic-user.png", "action_flag": 3, "change_message": ""}}, {"model": "admin.logentry", "pk": 76, "fields": {"action_time": "2022-08-29T08:04:00.736Z", "user": ["admin"], "content_type": ["Site", "file"], "object_id": "144", "object_repr": "userpic-user.png", "action_flag": 3, "change_message": ""}}, {"model": "admin.logentry", "pk": 77, "fields": {"action_time": "2022-08-29T08:04:00.745Z", "user": ["admin"], "content_type": ["Site", "file"], "object_id": "143", "object_repr": "userpic-user.png", "action_flag": 3, "change_message": ""}}, {"model": "admin.logentry", "pk": 78, "fields": {"action_time": "2022-08-29T08:04:00.747Z", "user": ["admin"], "content_type": ["Site", "file"], "object_id": "142", "object_repr": "userpic-user.png", "action_flag": 3, "change_message": ""}}, {"model": "admin.logentry", "pk": 79, "fields": {"action_time": "2022-08-29T08:04:00.749Z", "user": ["admin"], "content_type": ["Site", "file"], "object_id": "141", "object_repr": "userpic-user.png", "action_flag": 3, "change_message": ""}}, {"model": "admin.logentry", "pk": 80, "fields": {"action_time": "2022-08-29T08:04:00.751Z", "user": ["admin"], "content_type": ["Site", "file"], "object_id": "140", "object_repr": "userpic-user.png", "action_flag": 3, "change_message": ""}}, {"model": "admin.logentry", "pk": 81, "fields": {"action_time": "2022-08-29T08:04:00.753Z", "user": ["admin"], "content_type": ["Site", "file"], "object_id": "139", "object_repr": "userpic-user.png", "action_flag": 3, "change_message": ""}}, {"model": "admin.logentry", "pk": 82, "fields": {"action_time": "2022-08-29T08:04:00.755Z", "user": ["admin"], "content_type": ["Site", "file"], "object_id": "138", "object_repr": "userpic-user.png", "action_flag": 3, "change_message": ""}}, {"model": "admin.logentry", "pk": 83, "fields": {"action_time": "2022-08-29T08:04:00.757Z", "user": ["admin"], "content_type": ["Site", "file"], "object_id": "137", "object_repr": "userpic-user.png", "action_flag": 3, "change_message": ""}}, {"model": "admin.logentry", "pk": 84, "fields": {"action_time": "2022-08-29T08:04:00.761Z", "user": ["admin"], "content_type": ["Site", "file"], "object_id": "136", "object_repr": "userpic-user.png", "action_flag": 3, "change_message": ""}}, {"model": "admin.logentry", "pk": 85, "fields": {"action_time": "2022-08-29T08:04:00.763Z", "user": ["admin"], "content_type": ["Site", "file"], "object_id": "135", "object_repr": "userpic-user.png", "action_flag": 3, "change_message": ""}}, {"model": "admin.logentry", "pk": 86, "fields": {"action_time": "2022-08-29T08:04:00.765Z", "user": ["admin"], "content_type": ["Site", "file"], "object_id": "134", "object_repr": "userpic-user.png", "action_flag": 3, "change_message": ""}}, {"model": "admin.logentry", "pk": 87, "fields": {"action_time": "2022-08-29T08:04:00.767Z", "user": ["admin"], "content_type": ["Site", "file"], "object_id": "133", "object_repr": "userpic-user.png", "action_flag": 3, "change_message": ""}}, {"model": "admin.logentry", "pk": 88, "fields": {"action_time": "2022-08-29T08:04:00.769Z", "user": ["admin"], "content_type": ["Site", "file"], "object_id": "132", "object_repr": "userpic-user.png", "action_flag": 3, "change_message": ""}}, {"model": "admin.logentry", "pk": 89, "fields": {"action_time": "2022-08-29T08:04:00.771Z", "user": ["admin"], "content_type": ["Site", "file"], "object_id": "131", "object_repr": "userpic-user.png", "action_flag": 3, "change_message": ""}}, {"model": "admin.logentry", "pk": 90, "fields": {"action_time": "2022-08-29T08:04:00.773Z", "user": ["admin"], "content_type": ["Site", "file"], "object_id": "130", "object_repr": "userpic-user.png", "action_flag": 3, "change_message": ""}}, {"model": "admin.logentry", "pk": 91, "fields": {"action_time": "2022-08-29T08:04:42.834Z", "user": ["admin"], "content_type": ["Site", "file"], "object_id": "145", "object_repr": "userpic-user.png", "action_flag": 3, "change_message": ""}}, {"model": "admin.logentry", "pk": 92, "fields": {"action_time": "2022-08-29T08:07:27.209Z", "user": ["admin"], "content_type": ["Site", "file"], "object_id": "148", "object_repr": "userpic-user.png", "action_flag": 3, "change_message": ""}}, {"model": "admin.logentry", "pk": 93, "fields": {"action_time": "2022-08-29T08:07:27.216Z", "user": ["admin"], "content_type": ["Site", "file"], "object_id": "147", "object_repr": "userpic-user.png", "action_flag": 3, "change_message": ""}}, {"model": "admin.logentry", "pk": 94, "fields": {"action_time": "2022-08-29T08:07:27.218Z", "user": ["admin"], "content_type": ["Site", "file"], "object_id": "146", "object_repr": "userpic-user.png", "action_flag": 3, "change_message": ""}}, {"model": "admin.logentry", "pk": 95, "fields": {"action_time": "2022-09-23T12:27:01.500Z", "user": ["admin"], "content_type": ["Site", "phone"], "object_id": "1", "object_repr": "1234", "action_flag": 3, "change_message": ""}}, {"model": "admin.logentry", "pk": 96, "fields": {"action_time": "2022-09-23T12:29:26.358Z", "user": ["admin"], "content_type": ["Site", "phone"], "object_id": "2", "object_repr": "1234", "action_flag": 2, "change_message": "[{\"changed\": {\"fields\": [\"controlUser\"]}}]"}}, {"model": "admin.logentry", "pk": 97, "fields": {"action_time": "2022-09-23T12:32:01.187Z", "user": ["admin"], "content_type": ["Site", "render"], "object_id": "4", "object_repr": "Список значений", "action_flag": 1, "change_message": "[{\"added\": {}}]"}}, {"model": "admin.logentry", "pk": 98, "fields": {"action_time": "2022-09-23T12:33:38.420Z", "user": ["admin"], "content_type": ["Site", "column"], "object_id": "4", "object_repr": "Номера телефонов", "action_flag": 1, "change_message": "[{\"added\": {}}]"}}, {"model": "admin.logentry", "pk": 99, "fields": {"action_time": "2022-09-23T12:49:38.288Z", "user": ["admin"], "content_type": ["Site", "column"], "object_id": "5", "object_repr": "Адреса эл.почт", "action_flag": 1, "change_message": "[{\"added\": {}}]"}}, {"model": "admin.logentry", "pk": 100, "fields": {"action_time": "2022-09-26T06:26:47.869Z", "user": ["admin"], "content_type": ["Site", "table"], "object_id": "2", "object_repr": "Место", "action_flag": 1, "change_message": "[{\"added\": {}}]"}}, {"model": "admin.logentry", "pk": 101, "fields": {"action_time": "2022-09-26T06:27:47.858Z", "user": ["admin"], "content_type": ["Site", "column"], "object_id": "6", "object_repr": "Страна", "action_flag": 1, "change_message": "[{\"added\": {}}]"}}, {"model": "admin.logentry", "pk": 102, "fields": {"action_time": "2022-09-26T06:29:48.338Z", "user": ["admin"], "content_type": ["Site", "column"], "object_id": "7", "object_repr": "Регион", "action_flag": 1, "change_message": "[{\"added\": {}}]"}}, {"model": "admin.logentry", "pk": 103, "fields": {"action_time": "2022-09-26T06:30:10.193Z", "user": ["admin"], "content_type": ["Site", "column"], "object_id": "8", "object_repr": "Город", "action_flag": 1, "change_message": "[{\"added\": {}}]"}}, {"model": "admin.logentry", "pk": 104, "fields": {"action_time": "2022-09-26T06:33:10.571Z", "user": ["admin"], "content_type": ["Site", "controluser"], "object_id": "8", "object_repr": "11", "action_flag": 1, "change_message": "[{\"added\": {}}]"}}, {"model": "admin.logentry", "pk": 105, "fields": {"action_time": "2022-09-26T06:34:47.707Z", "user": ["admin"], "content_type": ["Site", "controluser"], "object_id": "9", "object_repr": "12", "action_flag": 1, "change_message": "[{\"added\": {}}]"}}, {"model": "admin.logentry", "pk": 106, "fields": {"action_time": "2022-09-26T06:37:17.549Z", "user": ["admin"], "content_type": ["Site", "controluser"], "object_id": "10", "object_repr": "23", "action_flag": 1, "change_message": "[{\"added\": {}}]"}}, {"model": "admin.logentry", "pk": 107, "fields": {"action_time": "2022-09-26T06:38:49.787Z", "user": ["admin"], "content_type": ["Site", "table"], "object_id": "3", "object_repr": "1", "action_flag": 1, "change_message": "[{\"added\": {}}]"}}, {"model": "admin.logentry", "pk": 108, "fields": {"action_time": "2022-09-26T06:41:04.336Z", "user": ["admin"], "content_type": ["Site", "table"], "object_id": "4", "object_repr": "1", "action_flag": 1, "change_message": "[{\"added\": {}}]"}}, {"model": "admin.logentry", "pk": 109, "fields": {"action_time": "2022-09-26T06:41:16.432Z", "user": ["admin"], "content_type": ["Site", "table"], "object_id": "4", "object_repr": "1", "action_flag": 3, "change_message": ""}}, {"model": "admin.logentry", "pk": 110, "fields": {"action_time": "2022-09-26T06:41:16.439Z", "user": ["admin"], "content_type": ["Site", "table"], "object_id": "3", "object_repr": "1", "action_flag": 3, "change_message": ""}}, {"model": "admin.logentry", "pk": 111, "fields": {"action_time": "2022-09-26T09:35:56.814Z", "user": ["admin"], "content_type": ["Site", "patterntable"], "object_id": "1", "object_repr": "Страны", "action_flag": 1, "change_message": "[{\"added\": {}}, {\"added\": {\"name\": \"\\u0428\\u0430\\u0431\\u043b\\u043e\\u043d \\u0421\\u0442\\u043e\\u043b\\u0431\\u0435\\u0446\", \"object\": \"\\u0421\\u0442\\u0440\\u0430\\u043d\\u044b\"}}]"}}, {"model": "admin.logentry", "pk": 112, "fields": {"action_time": "2022-09-26T09:36:11.344Z", "user": ["admin"], "content_type": ["Site", "patterntable"], "object_id": "2", "object_repr": "Регионы", "action_flag": 1, "change_message": "[{\"added\": {}}, {\"added\": {\"name\": \"\\u0428\\u0430\\u0431\\u043b\\u043e\\u043d \\u0421\\u0442\\u043e\\u043b\\u0431\\u0435\\u0446\", \"object\": \"\\u0420\\u0435\\u0433\\u0438\\u043e\\u043d\\u044b\"}}, {\"added\": {\"name\": \"\\u0428\\u0430\\u0431\\u043b\\u043e\\u043d \\u0421\\u0442\\u043e\\u043b\\u0431\\u0435\\u0446\", \"object\": \"\\u0420\\u0435\\u0433\\u0438\\u043e\\u043d\\u044b\"}}]"}}, {"model": "admin.logentry", "pk": 113, "fields": {"action_time": "2022-09-26T09:36:26.525Z", "user": ["admin"], "content_type": ["Site", "patterntable"], "object_id": "3", "object_repr": "Города", "action_flag": 1, "change_message": "[{\"added\": {}}, {\"added\": {\"name\": \"\\u0428\\u0430\\u0431\\u043b\\u043e\\u043d \\u0421\\u0442\\u043e\\u043b\\u0431\\u0435\\u0446\", \"object\": \"\\u0413\\u043e\\u0440\\u043e\\u0434\\u0430\"}}, {\"added\": {\"name\": \"\\u0428\\u0430\\u0431\\u043b\\u043e\\u043d \\u0421\\u0442\\u043e\\u043b\\u0431\\u0435\\u0446\", \"object\": \"\\u0413\\u043e\\u0440\\u043e\\u0434\\u0430\"}}, {\"added\": {\"name\": \"\\u0428\\u0430\\u0431\\u043b\\u043e\\u043d \\u0421\\u0442\\u043e\\u043b\\u0431\\u0435\\u0446\", \"object\": \"\\u0413\\u043e\\u0440\\u043e\\u0434\\u0430\"}}]"}}, {"model": "admin.logentry", "pk": 114, "fields": {"action_time": "2022-09-26T09:46:50.020Z", "user": ["admin"], "content_type": ["Site", "patterntable"], "object_id": "3", "object_repr": "Города", "action_flag": 3, "change_message": ""}}, {"model": "admin.logentry", "pk": 115, "fields": {"action_time": "2022-09-26T09:46:50.039Z", "user": ["admin"], "content_type": ["Site", "patterntable"], "object_id": "2", "object_repr": "Регионы", "action_flag": 3, "change_message": ""}}, {"model": "admin.logentry", "pk": 116, "fields": {"action_time": "2022-09-26T09:46:50.041Z", "user": ["admin"], "content_type": ["Site", "patterntable"], "object_id": "1", "object_repr": "Страны", "action_flag": 3, "change_message": ""}}, {"model": "admin.logentry", "pk": 117, "fields": {"action_time": "2022-09-26T12:31:21.396Z", "user": ["admin"], "content_type": ["Site", "countries"], "object_id": "3", "object_repr": "Украина", "action_flag": 3, "change_message": ""}}, {"model": "admin.logentry", "pk": 118, "fields": {"action_time": "2022-09-26T13:10:14.136Z", "user": ["admin"], "content_type": ["Site", "countries"], "object_id": "4", "object_repr": "Россия 1", "action_flag": 3, "change_message": ""}}, {"model": "admin.logentry", "pk": 119, "fields": {"action_time": "2022-09-26T13:50:30.177Z", "user": ["admin"], "content_type": ["Site", "countries"], "object_id": "5", "object_repr": "", "action_flag": 3, "change_message": ""}}, {"model": "admin.logentry", "pk": 120, "fields": {"action_time": "2022-09-26T13:57:16.633Z", "user": ["admin"], "content_type": ["Site", "countries"], "object_id": "6", "object_repr": "", "action_flag": 3, "change_message": ""}}, {"model": "admin.logentry", "pk": 121, "fields": {"action_time": "2022-10-03T12:23:22.376Z", "user": ["admin"], "content_type": ["Site", "table"], "object_id": "5", "object_repr": "Список ВЧ", "action_flag": 1, "change_message": "[{\"added\": {}}]"}}, {"model": "admin.logentry", "pk": 122, "fields": {"action_time": "2022-10-03T12:23:54.226Z", "user": ["admin"], "content_type": ["Site", "column"], "object_id": "9", "object_repr": "Номер", "action_flag": 1, "change_message": "[{\"added\": {}}]"}}, {"model": "admin.logentry", "pk": 123, "fields": {"action_time": "2022-10-03T15:41:43.563Z", "user": ["admin"], "content_type": ["Site", "vch"], "object_id": "1", "object_repr": "", "action_flag": 3, "change_message": ""}}, {"model": "admin.logentry", "pk": 124, "fields": {"action_time": "2022-10-07T09:41:01.101Z", "user": ["admin"], "content_type": ["Site", "render"], "object_id": "5", "object_repr": "place", "action_flag": 1, "change_message": "[{\"added\": {}}]"}}, {"model": "admin.logentry", "pk": 125, "fields": {"action_time": "2022-10-07T09:41:11.482Z", "user": ["admin"], "content_type": ["Site", "column"], "object_id": "10", "object_repr": "Место рождения", "action_flag": 1, "change_message": "[{\"added\": {}}]"}}, {"model": "admin.logentry", "pk": 126, "fields": {"action_time": "2022-10-07T09:41:29.982Z", "user": ["admin"], "content_type": ["Site", "render"], "object_id": "5", "object_repr": "Место", "action_flag": 2, "change_message": "[{\"changed\": {\"fields\": [\"type\", \"name\"]}}]"}}, {"model": "admin.logentry", "pk": 127, "fields": {"action_time": "2022-10-07T09:41:49.039Z", "user": ["admin"], "content_type": ["Site", "column"], "object_id": "11", "object_repr": "Место жительства", "action_flag": 1, "change_message": "[{\"added\": {}}]"}}, {"model": "admin.logentry", "pk": 128, "fields": {"action_time": "2022-10-10T06:23:23.863Z", "user": ["admin"], "content_type": ["Site", "column"], "object_id": "12", "object_repr": "Школа", "action_flag": 1, "change_message": "[{\"added\": {}}]"}}, {"model": "admin.logentry", "pk": 129, "fields": {"action_time": "2022-10-10T06:23:54.715Z", "user": ["admin"], "content_type": ["Site", "column"], "object_id": "13", "object_repr": "ВУЗ", "action_flag": 1, "change_message": "[{\"added\": {}}]"}}, {"model": "admin.logentry", "pk": 130, "fields": {"action_time": "2022-10-10T06:48:23.287Z", "user": ["admin"], "content_type": ["Site", "column"], "object_id": "14", "object_repr": "Место работы", "action_flag": 1, "change_message": "[{\"added\": {}}]"}}, {"model": "admin.logentry", "pk": 131, "fields": {"action_time": "2022-10-10T09:48:57.065Z", "user": ["admin"], "content_type": ["Site", "column"], "object_id": "3", "object_repr": "Дата рождения", "action_flag": 2, "change_message": "[{\"changed\": {\"fields\": [\"render\"]}}]"}}, {"model": "admin.logentry", "pk": 132, "fields": {"action_time": "2022-10-10T09:49:51.178Z", "user": ["admin"], "content_type": ["Site", "column"], "object_id": "3", "object_repr": "Дата рождения", "action_flag": 2, "change_message": "[{\"changed\": {\"fields\": [\"render\"]}}]"}}, {"model": "admin.logentry", "pk": 133, "fields": {"action_time": "2022-10-10T12:40:43.094Z", "user": ["admin"], "content_type": ["Site", "column"], "object_id": "10", "object_repr": "Место рождения", "action_flag": 2, "change_message": "[{\"changed\": {\"fields\": [\"orderable\"]}}]"}}, {"model": "admin.logentry", "pk": 134, "fields": {"action_time": "2022-10-10T12:40:46.779Z", "user": ["admin"], "content_type": ["Site", "column"], "object_id": "11", "object_repr": "Место жительства", "action_flag": 2, "change_message": "[{\"changed\": {\"fields\": [\"orderable\"]}}]"}}, {"model": "admin.logentry", "pk": 135, "fields": {"action_time": "2022-10-10T12:43:45.430Z", "user": ["admin"], "content_type": ["Site", "column"], "object_id": "2", "object_repr": "Дата последнего обновления", "action_flag": 2, "change_message": "[{\"changed\": {\"fields\": [\"orderable\"]}}]"}}, {"model": "admin.logentry", "pk": 136, "fields": {"action_time": "2022-10-10T13:38:04.387Z", "user": ["admin"], "content_type": ["Site", "controluser"], "object_id": "19", "object_repr": "0001000", "action_flag": 2, "change_message": "[{\"changed\": {\"fields\": [\"lastName\"]}}]"}}, {"model": "admin.logentry", "pk": 137, "fields": {"action_time": "2022-10-11T06:46:50.204Z", "user": ["admin"], "content_type": ["Site", "column"], "object_id": "15", "object_repr": "Место военной службы", "action_flag": 1, "change_message": "[{\"added\": {}}]"}}, {"model": "admin.logentry", "pk": 138, "fields": {"action_time": "2022-10-11T13:12:10.827Z", "user": ["admin"], "content_type": ["Site", "column"], "object_id": "3", "object_repr": "Дата рождения", "action_flag": 2, "change_message": "[{\"changed\": {\"fields\": [\"viewOrder\"]}}]"}}, {"model": "admin.logentry", "pk": 139, "fields": {"action_time": "2022-10-11T13:15:26.538Z", "user": ["admin"], "content_type": ["Site", "column"], "object_id": "11", "object_repr": "Место жительства", "action_flag": 2, "change_message": "[{\"changed\": {\"fields\": [\"viewOrder\"]}}]"}}, {"model": "admin.logentry", "pk": 140, "fields": {"action_time": "2022-10-11T13:15:26.543Z", "user": ["admin"], "content_type": ["Site", "column"], "object_id": "10", "object_repr": "Место рождения", "action_flag": 2, "change_message": "[{\"changed\": {\"fields\": [\"viewOrder\"]}}]"}}, {"model": "admin.logentry", "pk": 141, "fields": {"action_time": "2022-10-11T13:15:26.549Z", "user": ["admin"], "content_type": ["Site", "column"], "object_id": "5", "object_repr": "Адреса эл.почт", "action_flag": 2, "change_message": "[{\"changed\": {\"fields\": [\"viewOrder\"]}}]"}}, {"model": "admin.logentry", "pk": 142, "fields": {"action_time": "2022-10-11T13:15:26.553Z", "user": ["admin"], "content_type": ["Site", "column"], "object_id": "4", "object_repr": "Номера телефонов", "action_flag": 2, "change_message": "[{\"changed\": {\"fields\": [\"viewOrder\"]}}]"}}, {"model": "admin.logentry", "pk": 143, "fields": {"action_time": "2022-10-11T13:15:26.557Z", "user": ["admin"], "content_type": ["Site", "column"], "object_id": "2", "object_repr": "Дата последнего обновления", "action_flag": 2, "change_message": "[{\"changed\": {\"fields\": [\"viewOrder\"]}}]"}}, {"model": "admin.logentry", "pk": 144, "fields": {"action_time": "2022-10-11T13:16:07.392Z", "user": ["admin"], "content_type": ["Site", "column"], "object_id": "15", "object_repr": "Место военной службы", "action_flag": 2, "change_message": "[{\"changed\": {\"fields\": [\"viewOrder\"]}}]"}}, {"model": "admin.logentry", "pk": 145, "fields": {"action_time": "2022-10-11T13:16:07.398Z", "user": ["admin"], "content_type": ["Site", "column"], "object_id": "14", "object_repr": "Место работы", "action_flag": 2, "change_message": "[{\"changed\": {\"fields\": [\"viewOrder\"]}}]"}}, {"model": "admin.logentry", "pk": 146, "fields": {"action_time": "2022-10-11T13:16:07.402Z", "user": ["admin"], "content_type": ["Site", "column"], "object_id": "13", "object_repr": "ВУЗ", "action_flag": 2, "change_message": "[{\"changed\": {\"fields\": [\"viewOrder\"]}}]"}}, {"model": "admin.logentry", "pk": 147, "fields": {"action_time": "2022-10-11T13:16:07.406Z", "user": ["admin"], "content_type": ["Site", "column"], "object_id": "12", "object_repr": "Школа", "action_flag": 2, "change_message": "[{\"changed\": {\"fields\": [\"viewOrder\"]}}]"}}, {"model": "admin.logentry", "pk": 148, "fields": {"action_time": "2022-10-11T13:59:25.302Z", "user": ["admin"], "content_type": ["Site", "status"], "object_id": "1", "object_repr": "Создан", "action_flag": 1, "change_message": "[{\"added\": {}}]"}}, {"model": "admin.logentry", "pk": 149, "fields": {"action_time": "2022-10-11T13:59:47.949Z", "user": ["admin"], "content_type": ["Site", "status"], "object_id": "2", "object_repr": "Поиск", "action_flag": 1, "change_message": "[{\"added\": {}}]"}}, {"model": "admin.logentry", "pk": 150, "fields": {"action_time": "2022-10-11T14:05:34.289Z", "user": ["admin"], "content_type": ["Site", "status"], "object_id": "3", "object_repr": "notEqual", "action_flag": 1, "change_message": "[{\"added\": {}}]"}}, {"model": "admin.logentry", "pk": 151, "fields": {"action_time": "2022-10-11T14:05:48.129Z", "user": ["admin"], "content_type": ["Site", "status"], "object_id": "3", "object_repr": "Совпадений не выявлено", "action_flag": 2, "change_message": "[{\"changed\": {\"fields\": [\"type\", \"name\"]}}]"}}, {"model": "admin.logentry", "pk": 152, "fields": {"action_time": "2022-10-11T14:06:17.194Z", "user": ["admin"], "content_type": ["Site", "status"], "object_id": "4", "object_repr": "Совпадение", "action_flag": 1, "change_message": "[{\"added\": {}}]"}}, {"model": "admin.logentry", "pk": 153, "fields": {"action_time": "2022-10-11T14:06:56.374Z", "user": ["admin"], "content_type": ["Site", "status"], "object_id": "5", "object_repr": "Анализ", "action_flag": 1, "change_message": "[{\"added\": {}}]"}}, {"model": "admin.logentry", "pk": 154, "fields": {"action_time": "2022-10-11T14:19:15.536Z", "user": ["admin"], "content_type": ["Site", "status"], "object_id": "6", "object_repr": "Выявлены нарушения", "action_flag": 1, "change_message": "[{\"added\": {}}]"}}, {"model": "admin.logentry", "pk": 155, "fields": {"action_time": "2022-10-11T14:19:30.472Z", "user": ["admin"], "content_type": ["Site", "status"], "object_id": "7", "object_repr": "Нарушений не выявлено", "action_flag": 1, "change_message": "[{\"added\": {}}]"}}, {"model": "admin.logentry", "pk": 156, "fields": {"action_time": "2022-10-12T06:30:03.234Z", "user": ["admin"], "content_type": ["Site", "status"], "object_id": "2", "object_repr": "Поиск", "action_flag": 2, "change_message": "[{\"changed\": {\"fields\": [\"value\"]}}]"}}, {"model": "admin.logentry", "pk": 157, "fields": {"action_time": "2022-10-12T06:31:05.335Z", "user": ["admin"], "content_type": ["Site", "status"], "object_id": "4", "object_repr": "Совпадение", "action_flag": 2, "change_message": "[{\"changed\": {\"fields\": [\"value\"]}}]"}}, {"model": "admin.logentry", "pk": 158, "fields": {"action_time": "2022-10-12T06:31:14.124Z", "user": ["admin"], "content_type": ["Site", "status"], "object_id": "2", "object_repr": "Поиск", "action_flag": 2, "change_message": "[{\"changed\": {\"fields\": [\"value\"]}}]"}}, {"model": "admin.logentry", "pk": 159, "fields": {"action_time": "2022-10-12T06:31:21.982Z", "user": ["admin"], "content_type": ["Site", "status"], "object_id": "3", "object_repr": "Совпадений не выявлено", "action_flag": 2, "change_message": "[{\"changed\": {\"fields\": [\"value\"]}}]"}}, {"model": "admin.logentry", "pk": 160, "fields": {"action_time": "2022-10-12T06:37:55.371Z", "user": ["admin"], "content_type": ["Site", "statusstage"], "object_id": "1", "object_repr": "Подготовка", "action_flag": 1, "change_message": "[{\"added\": {}}]"}}, {"model": "admin.logentry", "pk": 161, "fields": {"action_time": "2022-10-12T06:37:56.910Z", "user": ["admin"], "content_type": ["Site", "status"], "object_id": "1", "object_repr": "Создан", "action_flag": 2, "change_message": "[{\"changed\": {\"fields\": [\"stage\"]}}]"}}, {"model": "admin.logentry", "pk": 162, "fields": {"action_time": "2022-10-12T06:38:06.423Z", "user": ["admin"], "content_type": ["Site", "status"], "object_id": "2", "object_repr": "Поиск", "action_flag": 2, "change_message": "[{\"changed\": {\"fields\": [\"stage\"]}}]"}}, {"model": "admin.logentry", "pk": 163, "fields": {"action_time": "2022-10-12T06:38:12.274Z", "user": ["admin"], "content_type": ["Site", "status"], "object_id": "4", "object_repr": "Совпадение", "action_flag": 2, "change_message": "[{\"changed\": {\"fields\": [\"stage\"]}}]"}}, {"model": "admin.logentry", "pk": 164, "fields": {"action_time": "2022-10-12T06:38:18.235Z", "user": ["admin"], "content_type": ["Site", "status"], "object_id": "3", "object_repr": "Совпадений не выявлено", "action_flag": 2, "change_message": "[{\"changed\": {\"fields\": [\"stage\"]}}]"}}, {"model": "admin.logentry", "pk": 165, "fields": {"action_time": "2022-10-12T06:38:53.334Z", "user": ["admin"], "content_type": ["Site", "statusstage"], "object_id": "2", "object_repr": "Работа", "action_flag": 1, "change_message": "[{\"added\": {}}]"}}, {"model": "admin.logentry", "pk": 166, "fields": {"action_time": "2022-10-12T06:39:06.723Z", "user": ["admin"], "content_type": ["Site", "status"], "object_id": "5", "object_repr": "Анализ", "action_flag": 2, "change_message": "[{\"changed\": {\"fields\": [\"stage\", \"value\"]}}]"}}, {"model": "admin.logentry", "pk": 167, "fields": {"action_time": "2022-10-12T06:39:19.747Z", "user": ["admin"], "content_type": ["Site", "status"], "object_id": "6", "object_repr": "Выявлены нарушения", "action_flag": 2, "change_message": "[{\"changed\": {\"fields\": [\"stage\", \"value\"]}}]"}}, {"model": "admin.logentry", "pk": 168, "fields": {"action_time": "2022-10-12T06:39:26.921Z", "user": ["admin"], "content_type": ["Site", "status"], "object_id": "7", "object_repr": "Нарушений не выявлено", "action_flag": 2, "change_message": "[{\"changed\": {\"fields\": [\"stage\", \"value\"]}}]"}}, {"model": "admin.logentry", "pk": 169, "fields": {"action_time": "2022-10-12T06:42:34.288Z", "user": ["admin"], "content_type": ["Site", "controluser"], "object_id": "18", "object_repr": "00000000", "action_flag": 2, "change_message": "[{\"changed\": {\"fields\": [\"status\"]}}]"}}, {"model": "admin.logentry", "pk": 170, "fields": {"action_time": "2022-10-12T06:42:59.297Z", "user": ["admin"], "content_type": ["Site", "controluser"], "object_id": "19", "object_repr": "0001000", "action_flag": 2, "change_message": "[{\"changed\": {\"fields\": [\"status\"]}}]"}}, {"model": "admin.logentry", "pk": 171, "fields": {"action_time": "2022-10-12T06:43:05.778Z", "user": ["admin"], "content_type": ["Site", "controluser"], "object_id": "8", "object_repr": "11", "action_flag": 2, "change_message": "[{\"changed\": {\"fields\": [\"status\"]}}]"}}, {"model": "admin.logentry", "pk": 172, "fields": {"action_time": "2022-10-12T06:43:35.159Z", "user": ["admin"], "content_type": ["Site", "controluser"], "object_id": "8", "object_repr": "11", "action_flag": 3, "change_message": ""}}, {"model": "admin.logentry", "pk": 173, "fields": {"action_time": "2022-10-12T06:43:35.162Z", "user": ["admin"], "content_type": ["Site", "controluser"], "object_id": "9", "object_repr": "12", "action_flag": 3, "change_message": ""}}, {"model": "admin.logentry", "pk": 174, "fields": {"action_time": "2022-10-12T06:43:35.164Z", "user": ["admin"], "content_type": ["Site", "controluser"], "object_id": "6", "object_repr": "11111111", "action_flag": 3, "change_message": ""}}, {"model": "admin.logentry", "pk": 175, "fields": {"action_time": "2022-10-12T06:43:35.166Z", "user": ["admin"], "content_type": ["Site", "controluser"], "object_id": "14", "object_repr": "11111111", "action_flag": 3, "change_message": ""}}, {"model": "admin.logentry", "pk": 176, "fields": {"action_time": "2022-10-12T06:43:35.168Z", "user": ["admin"], "content_type": ["Site", "controluser"], "object_id": "18", "object_repr": "00000000", "action_flag": 3, "change_message": ""}}, {"model": "admin.logentry", "pk": 177, "fields": {"action_time": "2022-10-12T06:43:35.170Z", "user": ["admin"], "content_type": ["Site", "controluser"], "object_id": "15", "object_repr": "1111111", "action_flag": 3, "change_message": ""}}, {"model": "admin.logentry", "pk": 178, "fields": {"action_time": "2022-10-12T06:43:44.985Z", "user": ["admin"], "content_type": ["Site", "controluser"], "object_id": "2", "object_repr": "ценпвып", "action_flag": 2, "change_message": "[{\"changed\": {\"fields\": [\"status\"]}}]"}}, {"model": "admin.logentry", "pk": 179, "fields": {"action_time": "2022-10-12T06:43:50.659Z", "user": ["admin"], "content_type": ["Site", "controluser"], "object_id": "5", "object_repr": "ныпвыавырвыр", "action_flag": 2, "change_message": "[{\"changed\": {\"fields\": [\"status\"]}}]"}}, {"model": "admin.logentry", "pk": 180, "fields": {"action_time": "2022-10-12T06:49:54.395Z", "user": ["admin"], "content_type": ["Site", "controluser"], "object_id": "19", "object_repr": "0001000", "action_flag": 2, "change_message": "[]"}}, {"model": "admin.logentry", "pk": 181, "fields": {"action_time": "2022-10-12T06:50:00.948Z", "user": ["admin"], "content_type": ["Site", "controluser"], "object_id": "16", "object_repr": "12141124214", "action_flag": 2, "change_message": "[{\"changed\": {\"fields\": [\"status\"]}}]"}}, {"model": "admin.logentry", "pk": 182, "fields": {"action_time": "2022-10-12T06:50:11.199Z", "user": ["admin"], "content_type": ["Site", "controluser"], "object_id": "1", "object_repr": "1233", "action_flag": 2, "change_message": "[{\"changed\": {\"fields\": [\"status\"]}}]"}}, {"model": "admin.logentry", "pk": 183, "fields": {"action_time": "2022-10-12T06:50:17.888Z", "user": ["admin"], "content_type": ["Site", "controluser"], "object_id": "17", "object_repr": "13235235235", "action_flag": 2, "change_message": "[{\"changed\": {\"fields\": [\"status\"]}}]"}}, {"model": "admin.logentry", "pk": 184, "fields": {"action_time": "2022-10-12T06:50:28.268Z", "user": ["admin"], "content_type": ["Site", "controluser"], "object_id": "13", "object_repr": "235323523", "action_flag": 2, "change_message": "[{\"changed\": {\"fields\": [\"status\"]}}]"}}, {"model": "admin.logentry", "pk": 185, "fields": {"action_time": "2022-10-12T06:50:39.094Z", "user": ["admin"], "content_type": ["Site", "controluser"], "object_id": "1", "object_repr": "1233", "action_flag": 2, "change_message": "[]"}}, {"model": "admin.logentry", "pk": 186, "fields": {"action_time": "2022-10-12T06:50:43.255Z", "user": ["admin"], "content_type": ["Site", "controluser"], "object_id": "2", "object_repr": "ценпвып", "action_flag": 2, "change_message": "[]"}}, {"model": "admin.logentry", "pk": 187, "fields": {"action_time": "2022-10-12T06:50:49.184Z", "user": ["admin"], "content_type": ["Site", "controluser"], "object_id": "3", "object_repr": "456456", "action_flag": 2, "change_message": "[{\"changed\": {\"fields\": [\"status\"]}}]"}}, {"model": "admin.logentry", "pk": 188, "fields": {"action_time": "2022-10-12T06:50:57.417Z", "user": ["admin"], "content_type": ["Site", "controluser"], "object_id": "4", "object_repr": "врывар", "action_flag": 2, "change_message": "[{\"changed\": {\"fields\": [\"status\"]}}]"}}, {"model": "admin.logentry", "pk": 189, "fields": {"action_time": "2022-10-12T06:51:02.532Z", "user": ["admin"], "content_type": ["Site", "controluser"], "object_id": "5", "object_repr": "ныпвыавырвыр", "action_flag": 2, "change_message": "[]"}}, {"model": "admin.logentry", "pk": 190, "fields": {"action_time": "2022-10-12T06:51:10.949Z", "user": ["admin"], "content_type": ["Site", "controluser"], "object_id": "7", "object_repr": "dwfdsf", "action_flag": 2, "change_message": "[{\"changed\": {\"fields\": [\"status\"]}}]"}}, {"model": "admin.logentry", "pk": 191, "fields": {"action_time": "2022-10-12T06:51:16.611Z", "user": ["admin"], "content_type": ["Site", "controluser"], "object_id": "10", "object_repr": "23", "action_flag": 2, "change_message": "[{\"changed\": {\"fields\": [\"status\"]}}]"}}, {"model": "admin.logentry", "pk": 192, "fields": {"action_time": "2022-10-12T06:51:23.212Z", "user": ["admin"], "content_type": ["Site", "controluser"], "object_id": "11", "object_repr": "324324", "action_flag": 2, "change_message": "[{\"changed\": {\"fields\": [\"status\"]}}]"}}, {"model": "admin.logentry", "pk": 193, "fields": {"action_time": "2022-10-12T06:51:28.976Z", "user": ["admin"], "content_type": ["Site", "controluser"], "object_id": "11", "object_repr": "324324", "action_flag": 2, "change_message": "[]"}}, {"model": "admin.logentry", "pk": 194, "fields": {"action_time": "2022-10-12T06:51:34.477Z", "user": ["admin"], "content_type": ["Site", "controluser"], "object_id": "12", "object_repr": "34436", "action_flag": 2, "change_message": "[{\"changed\": {\"fields\": [\"status\"]}}]"}}, {"model": "admin.logentry", "pk": 195, "fields": {"action_time": "2022-10-12T06:51:38.794Z", "user": ["admin"], "content_type": ["Site", "controluser"], "object_id": "13", "object_repr": "235323523", "action_flag": 2, "change_message": "[]"}}, {"model": "admin.logentry", "pk": 196, "fields": {"action_time": "2022-10-12T06:51:43.695Z", "user": ["admin"], "content_type": ["Site", "controluser"], "object_id": "16", "object_repr": "12141124214", "action_flag": 2, "change_message": "[]"}}, {"model": "admin.logentry", "pk": 197, "fields": {"action_time": "2022-10-12T06:51:48.985Z", "user": ["admin"], "content_type": ["Site", "controluser"], "object_id": "17", "object_repr": "13235235235", "action_flag": 2, "change_message": "[]"}}, {"model": "admin.logentry", "pk": 198, "fields": {"action_time": "2022-10-12T06:52:21.341Z", "user": ["admin"], "content_type": ["Site", "controluser"], "object_id": "19", "object_repr": "0001000", "action_flag": 2, "change_message": "[]"}}, {"model": "admin.logentry", "pk": 199, "fields": {"action_time": "2022-10-12T06:52:26.351Z", "user": ["admin"], "content_type": ["Site", "controluser"], "object_id": "19", "object_repr": "0001000", "action_flag": 2, "change_message": "[]"}}, {"model": "admin.logentry", "pk": 200, "fields": {"action_time": "2022-10-12T06:53:03.052Z", "user": ["admin"], "content_type": ["Site", "column"], "object_id": "16", "object_repr": "Статус", "action_flag": 1, "change_message": "[{\"added\": {}}]"}}, {"model": "admin.logentry", "pk": 201, "fields": {"action_time": "2022-10-12T06:54:05.527Z", "user": ["admin"], "content_type": ["Site", "patterntable"], "object_id": "4", "object_repr": "Рабочий", "action_flag": 1, "change_message": "[{\"added\": {}}, {\"added\": {\"name\": \"\\u0428\\u0430\\u0431\\u043b\\u043e\\u043d \\u0421\\u0442\\u043e\\u043b\\u0431\\u0435\\u0446\", \"object\": \"\\u0420\\u0430\\u0431\\u043e\\u0447\\u0438\\u0439\"}}, {\"added\": {\"name\": \"\\u0428\\u0430\\u0431\\u043b\\u043e\\u043d \\u0421\\u0442\\u043e\\u043b\\u0431\\u0435\\u0446\", \"object\": \"\\u0420\\u0430\\u0431\\u043e\\u0447\\u0438\\u0439\"}}]"}}, {"model": "admin.logentry", "pk": 202, "fields": {"action_time": "2022-10-12T07:04:34.432Z", "user": ["admin"], "content_type": ["Site", "column"], "object_id": "16", "object_repr": "Статус", "action_flag": 2, "change_message": "[{\"changed\": {\"fields\": [\"render\"]}}]"}}, {"model": "admin.logentry", "pk": 203, "fields": {"action_time": "2022-10-12T07:33:32.153Z", "user": ["admin"], "content_type": ["Site", "status"], "object_id": "5", "object_repr": "Анализ", "action_flag": 2, "change_message": "[{\"changed\": {\"fields\": [\"type\"]}}]"}}, {"model": "admin.logentry", "pk": 204, "fields": {"action_time": "2022-10-12T07:48:29.648Z", "user": ["admin"], "content_type": ["Site", "status"], "object_id": "5", "object_repr": "Анализ", "action_flag": 2, "change_message": "[{\"changed\": {\"fields\": [\"color\"]}}]"}}, {"model": "admin.logentry", "pk": 205, "fields": {"action_time": "2022-10-12T07:53:17.275Z", "user": ["admin"], "content_type": ["Site", "status"], "object_id": "1", "object_repr": "Создан", "action_flag": 2, "change_message": "[{\"changed\": {\"fields\": [\"color\"]}}]"}}, {"model": "admin.logentry", "pk": 206, "fields": {"action_time": "2022-10-12T07:53:45.465Z", "user": ["admin"], "content_type": ["Site", "status"], "object_id": "2", "object_repr": "Поиск", "action_flag": 2, "change_message": "[{\"changed\": {\"fields\": [\"color\"]}}]"}}, {"model": "admin.logentry", "pk": 207, "fields": {"action_time": "2022-10-12T07:53:58.846Z", "user": ["admin"], "content_type": ["Site", "status"], "object_id": "4", "object_repr": "Совпадение", "action_flag": 2, "change_message": "[{\"changed\": {\"fields\": [\"color\"]}}]"}}, {"model": "admin.logentry", "pk": 208, "fields": {"action_time": "2022-10-12T07:54:19.615Z", "user": ["admin"], "content_type": ["Site", "status"], "object_id": "3", "object_repr": "Совпадений не выявлено", "action_flag": 2, "change_message": "[{\"changed\": {\"fields\": [\"color\"]}}]"}}, {"model": "admin.logentry", "pk": 209, "fields": {"action_time": "2022-10-12T07:55:14.907Z", "user": ["admin"], "content_type": ["Site", "status"], "object_id": "6", "object_repr": "Выявлены нарушения", "action_flag": 2, "change_message": "[{\"changed\": {\"fields\": [\"color\"]}}]"}}, {"model": "admin.logentry", "pk": 210, "fields": {"action_time": "2022-10-12T07:55:25.891Z", "user": ["admin"], "content_type": ["Site", "status"], "object_id": "3", "object_repr": "Совпадений не выявлено", "action_flag": 2, "change_message": "[{\"changed\": {\"fields\": [\"color\"]}}]"}}, {"model": "admin.logentry", "pk": 211, "fields": {"action_time": "2022-10-12T07:55:36.438Z", "user": ["admin"], "content_type": ["Site", "status"], "object_id": "7", "object_repr": "Нарушений не выявлено", "action_flag": 2, "change_message": "[{\"changed\": {\"fields\": [\"color\"]}}]"}}, {"model": "admin.logentry", "pk": 212, "fields": {"action_time": "2022-10-12T08:09:05.595Z", "user": ["admin"], "content_type": ["Site", "column"], "object_id": "2", "object_repr": "Дата последнего обновления", "action_flag": 2, "change_message": "[{\"changed\": {\"fields\": [\"viewOrder\"]}}]"}}, {"model": "admin.logentry", "pk": 213, "fields": {"action_time": "2022-10-12T08:09:11.097Z", "user": ["admin"], "content_type": ["Site", "column"], "object_id": "16", "object_repr": "Статус", "action_flag": 2, "change_message": "[{\"changed\": {\"fields\": [\"viewOrder\"]}}]"}}, {"model": "admin.logentry", "pk": 214, "fields": {"action_time": "2022-10-12T08:16:58.527Z", "user": ["admin"], "content_type": ["Site", "patterntable"], "object_id": "4", "object_repr": "Рабочий", "action_flag": 2, "change_message": "[{\"added\": {\"object\": \"\\u0420\\u0430\\u0431\\u043e\\u0447\\u0438\\u0439\", \"name\": \"\\u0428\\u0430\\u0431\\u043b\\u043e\\u043d \\u0421\\u0442\\u043e\\u043b\\u0431\\u0435\\u0446\"}}]"}}, {"model": "admin.logentry", "pk": 215, "fields": {"action_time": "2022-10-12T08:17:26.627Z", "user": ["admin"], "content_type": ["Site", "column"], "object_id": "2", "object_repr": "Дата последнего обновления", "action_flag": 2, "change_message": "[{\"changed\": {\"fields\": [\"orderable\"]}}]"}}, {"model": "admin.logentry", "pk": 216, "fields": {"action_time": "2022-10-12T08:20:56.712Z", "user": ["admin"], "content_type": ["Site", "controluser"], "object_id": "17", "object_repr": "13235235235", "action_flag": 2, "change_message": "[{\"changed\": {\"fields\": [\"status\"]}}]"}}, {"model": "admin.logentry", "pk": 217, "fields": {"action_time": "2022-10-12T08:21:24.789Z", "user": ["admin"], "content_type": ["Site", "controluser"], "object_id": "20", "object_repr": "fssfhjdfsghdfgh", "action_flag": 2, "change_message": "[{\"changed\": {\"fields\": [\"status\"]}}]"}}, {"model": "admin.logentry", "pk": 218, "fields": {"action_time": "2022-10-12T08:21:36.281Z", "user": ["admin"], "content_type": ["Site", "controluser"], "object_id": "20", "object_repr": "fssfhjdfsghdfgh", "action_flag": 2, "change_message": "[{\"changed\": {\"fields\": [\"status\"]}}]"}}, {"model": "admin.logentry", "pk": 219, "fields": {"action_time": "2022-10-12T12:17:09.807Z", "user": ["admin"], "content_type": ["Site", "controluser"], "object_id": "19", "object_repr": "0001000", "action_flag": 3, "change_message": ""}}, {"model": "admin.logentry", "pk": 220, "fields": {"action_time": "2022-10-12T12:17:09.831Z", "user": ["admin"], "content_type": ["Site", "controluser"], "object_id": "16", "object_repr": "12141124214", "action_flag": 3, "change_message": ""}}, {"model": "admin.logentry", "pk": 221, "fields": {"action_time": "2022-10-12T12:17:09.833Z", "user": ["admin"], "content_type": ["Site", "controluser"], "object_id": "1", "object_repr": "1233", "action_flag": 3, "change_message": ""}}, {"model": "admin.logentry", "pk": 222, "fields": {"action_time": "2022-10-12T12:17:09.835Z", "user": ["admin"], "content_type": ["Site", "controluser"], "object_id": "17", "object_repr": "13235235235", "action_flag": 3, "change_message": ""}}, {"model": "admin.logentry", "pk": 223, "fields": {"action_time": "2022-10-12T12:17:09.837Z", "user": ["admin"], "content_type": ["Site", "controluser"], "object_id": "10", "object_repr": "23", "action_flag": 3, "change_message": ""}}, {"model": "admin.logentry", "pk": 224, "fields": {"action_time": "2022-10-12T12:17:09.839Z", "user": ["admin"], "content_type": ["Site", "controluser"], "object_id": "13", "object_repr": "235323523", "action_flag": 3, "change_message": ""}}, {"model": "admin.logentry", "pk": 225, "fields": {"action_time": "2022-10-12T12:17:09.841Z", "user": ["admin"], "content_type": ["Site", "controluser"], "object_id": "11", "object_repr": "324324", "action_flag": 3, "change_message": ""}}, {"model": "admin.logentry", "pk": 226, "fields": {"action_time": "2022-10-12T12:17:09.843Z", "user": ["admin"], "content_type": ["Site", "controluser"], "object_id": "12", "object_repr": "34436", "action_flag": 3, "change_message": ""}}, {"model": "admin.logentry", "pk": 227, "fields": {"action_time": "2022-10-12T12:17:09.844Z", "user": ["admin"], "content_type": ["Site", "controluser"], "object_id": "3", "object_repr": "456456", "action_flag": 3, "change_message": ""}}, {"model": "admin.logentry", "pk": 228, "fields": {"action_time": "2022-10-12T12:17:09.846Z", "user": ["admin"], "content_type": ["Site", "controluser"], "object_id": "21", "object_repr": "dgsdhsh", "action_flag": 3, "change_message": ""}}, {"model": "admin.logentry", "pk": 229, "fields": {"action_time": "2022-10-12T12:17:09.849Z", "user": ["admin"], "content_type": ["Site", "controluser"], "object_id": "7", "object_repr": "dwfdsf", "action_flag": 3, "change_message": ""}}, {"model": "admin.logentry", "pk": 230, "fields": {"action_time": "2022-10-12T12:17:09.852Z", "user": ["admin"], "content_type": ["Site", "controluser"], "object_id": "20", "object_repr": "fssfhjdfsghdfgh", "action_flag": 3, "change_message": ""}}, {"model": "admin.logentry", "pk": 231, "fields": {"action_time": "2022-10-12T12:17:09.855Z", "user": ["admin"], "content_type": ["Site", "controluser"], "object_id": "4", "object_repr": "врывар", "action_flag": 3, "change_message": ""}}, {"model": "admin.logentry", "pk": 232, "fields": {"action_time": "2022-10-12T12:17:09.857Z", "user": ["admin"], "content_type": ["Site", "controluser"], "object_id": "5", "object_repr": "ныпвыавырвыр", "action_flag": 3, "change_message": ""}}, {"model": "admin.logentry", "pk": 233, "fields": {"action_time": "2022-10-12T12:17:09.860Z", "user": ["admin"], "content_type": ["Site", "controluser"], "object_id": "2", "object_repr": "ценпвып", "action_flag": 3, "change_message": ""}}, {"model": "admin.logentry", "pk": 234, "fields": {"action_time": "2022-10-12T13:20:59.450Z", "user": ["admin"], "content_type": ["Site", "social"], "object_id": "1", "object_repr": "80859132", "action_flag": 1, "change_message": "[{\"added\": {}}]"}}, {"model": "admin.logentry", "pk": 235, "fields": {"action_time": "2022-10-12T13:35:33.587Z", "user": ["admin"], "content_type": ["Site", "social"], "object_id": "1", "object_repr": "23", "action_flag": 2, "change_message": "[{\"changed\": {\"fields\": [\"\\u0417\\u043d\\u0430\\u0447\\u0435\\u043d\\u0438\\u0435\"]}}]"}}, {"model": "admin.logentry", "pk": 236, "fields": {"action_time": "2022-10-12T14:15:03.891Z", "user": ["admin"], "content_type": ["Site", "controluser"], "object_id": "22", "object_repr": "Пользователь с", "action_flag": 2, "change_message": "[{\"changed\": {\"fields\": [\"\\u0421\\u0442\\u0430\\u0442\\u0443\\u0441\"]}}]"}}, {"model": "admin.logentry", "pk": 237, "fields": {"action_time": "2022-10-12T14:15:12.590Z", "user": ["admin"], "content_type": ["Site", "controluser"], "object_id": "23", "object_repr": "Пользователь с", "action_flag": 2, "change_message": "[{\"changed\": {\"fields\": [\"\\u0421\\u0442\\u0430\\u0442\\u0443\\u0441\"]}}]"}}, {"model": "admin.logentry", "pk": 238, "fields": {"action_time": "2022-10-12T14:15:21.113Z", "user": ["admin"], "content_type": ["Site", "controluser"], "object_id": "22", "object_repr": "Пользователь с", "action_flag": 2, "change_message": "[{\"changed\": {\"fields\": [\"\\u0421\\u0442\\u0430\\u0442\\u0443\\u0441\"]}}]"}}, {"model": "admin.logentry", "pk": 239, "fields": {"action_time": "2022-10-12T14:15:29.709Z", "user": ["admin"], "content_type": ["Site", "controluser"], "object_id": "23", "object_repr": "Пользователь с", "action_flag": 2, "change_message": "[{\"changed\": {\"fields\": [\"\\u0421\\u0442\\u0430\\u0442\\u0443\\u0441\"]}}]"}}]